Date,MMC,FIS,CTXS,AJG,ARE
2016/1/4,49.30367279,56.76931381,57.86897659,35.75188065,78.57863617
2016/1/5,49.71211243,57.12938309,57.38525009,35.84971619,79.6632843
2016/1/6,49.11305618,56.07758713,57.72854614,35.15600967,79.12536621
2016/1/7,48.74093246,56.08705521,55.34106064,34.42674637,76.50639343
2016/1/8,48.06018829,55.08263397,54.36578369,34.06211853,75.45700836
2016/1/11,47.36128998,55.85015869,53.73380661,33.49293137,74.51346588
2016/1/12,47.80604553,56.84511566,55.23183441,33.68859482,73.66694641
2016/1/13,47.40668106,56.02072906,52.48545837,32.90596771,71.67403412
2016/1/14,48.6229248,57.13887024,52.57128143,33.52850723,71.43593597
2016/1/15,47.38851929,55.39532089,51.72864151,33.44847107,70.68640137
2016/1/19,47.3340683,55.63221359,51.54919815,33.0749321,70.87158966
2016/1/20,46.78039551,54.85520172,51.8846817,32.73698425,67.41483307
2016/1/21,46.83518982,55.00682068,51.04205322,32.68362808,67.38840485
2016/1/22,47.74833298,56.33342743,52.6180954,33.48403931,69.04619598
2016/1/25,47.090869899999994,55.76488113,51.53358459,32.79924393,68.31430817
2016/1/26,47.41959763,56.89250565,53.20325851,33.21723557,69.37248993
2016/1/27,47.13652802,55.72698212,51.4165535,32.96821594,68.62294006
2016/1/28,47.30088043,55.15842819,53.45292664,32.23005676,68.4818573
2016/1/29,48.69800949,56.59874725,54.97436523,33.47514725,69.82221985
2016/2/1,48.64320755,57.48946762,55.31765747,33.64411926,68.91394043
2016/2/2,47.80311203,56.39974976,51.70523453,33.34173965,67.24731445
2016/2/3,48.25056076,56.52294159,53.125232700000005,34.27556229,67.1944046
2016/2/4,49.46503448,56.99672699,52.38402557,34.40006638,67.82048798
2016/2/5,49.90335464,55.47113037,49.89512253,34.07990646,67.50304413
2016/2/8,50.22296524,53.10219574,49.28655243,33.95539474,65.79231262
2016/2/9,50.47862625,54.893116000000006,48.63116837,33.6352272,63.57894897
2016/2/10,50.68865585,54.39089966,48.59215546,33.7953186,64.2403183
2016/2/11,50.17729568,53.48121262,48.67017746,33.6352272,63.18214417
2016/2/12,51.20915604,54.55197906,50.1760025,34.23109436,63.35849762
2016/2/16,51.59267044,55.57536316,51.23710632,34.68466949,65.25440216
2016/2/17,52.38710022,56.4187088,54.00688934,35.0315094,65.55419922
2016/2/18,52.5058136,56.06810379,53.48413849,35.32498932,65.92458344
2016/2/19,52.33232498,56.57979965,54.05369949,35.0670929,66.10977173
2016/2/22,52.55147552,56.84511566,54.52963638,35.51176071,67.28259277
2016/2/23,52.13142395,55.88806534,53.64798355,35.17380142,67.28259277
2016/2/24,52.46015549,56.07758713,54.28776932,35.26274109,67.28259277
2016/2/25,52.74323273,56.89250565,55.87161636,35.58290482,69.22257996
2016/2/26,52.5058136,56.37133408,55.81700516,35.62736893,69.4342041
2016/2/29,52.09489441,55.19633484,55.12260437,35.44060516,69.80456543
2016/3/1,53.04457092,56.85458755,58.57898331,36.11651611,71.68284607
2016/3/2,52.81628418,56.77878952,57.75975418,36.18833542,71.55056
2016/3/3,52.73410034,57.16729355,57.69733047,36.52946854,72.95266724
2016/3/4,52.97151184,57.62212753,58.0484314,36.8077774,73.78157043
2016/3/7,52.67931366,56.92091751,58.7350235,36.96937943,73.51702118
2016/3/8,52.45102692,56.07758713,57.70513535,36.70005798,73.26130676
2016/3/9,52.6975708,56.87355042,58.56337738,36.88858414,73.76393127
2016/3/10,52.71583939,58.33282089,59.05491257,37.26564026,74.03728485
2016/3/11,53.63812637,59.51727676,59.66348648,38.24418259,75.30710602
2016/3/14,53.72031021,59.50780487,59.94436264,38.10951614,75.62456512
2016/3/15,54.00336838,59.40314102,60.04580307,38.30702591,76.70037842
2016/3/16,53.80247879,59.71713638,60.13162231,38.57635117,77.22064972
2016/3/17,54.65171051,60.00259781,60.21744537,39.24069214,78.78144836
2016/3/18,54.60604477,59.5078125,60.13162231,39.21375275,77.88199615
2016/3/21,54.57864761,59.70762634,60.87282944,39.59080505,77.59983063
2016/3/22,54.5421257,59.42217636,60.81821823,39.59080505,78.11127472
2016/3/23,54.36862564,59.84083176,59.80393219,39.51898956,78.04074097
2016/3/24,54.60604477,59.58393097,59.82733154,39.483078000000006,78.05836487
2016/3/28,54.82520294,59.39362717,59.76491928,39.43819046,79.42519379
2016/3/29,55.30003357,59.86938095,60.85722733,39.74342728,80.85762787
2016/3/30,55.46440125,60.11678314,60.69337845,39.83320236,80.38607788
2016/3/31,55.51005554,60.2404747,61.30975723,39.93195343,80.866539
2016/4/1,56.0396843,61.85805511,62.05876541,40.06661987,80.57292175
2016/4/4,55.89358139,61.22053146,61.84810638,39.89604568,80.98220062
2016/4/5,55.19045258,60.36417007,61.25513839999999,39.25864029,80.96438599
2016/4/6,55.75034714,61.37277985,61.94953537,39.5010376,80.37719727
2016/4/7,55.22717667,60.792358400000005,60.27986526,38.98931885,79.88783264
2016/4/8,55.53923416,60.87798691,61.24732971,39.13295746,80.93773651
2016/4/11,55.71363068,61.00167847,61.28634644,39.32149124,80.77758026
2016/4/12,56.44791412,60.92556763,60.97426224,39.58182907,82.32567596
2016/4/13,57.04453278,61.16344452,62.18359756,40.2192421,81.89860535
2016/4/14,56.87931061,61.07780838,63.04964828,40.1204834,82.21891022
2016/4/15,57.20055771,60.95411682,62.84679413,40.34492111,83.50900269
2016/4/18,57.87058639999999,61.85805511,63.48656845,40.66811371,83.44670868
2016/4/19,58.118408200000005,62.31477737,62.52690125,40.69504547,83.46452332
2016/4/20,57.797161100000004,63.22823715,62.82338715,40.7309494,81.86302185
2016/4/21,57.13631058,62.07689667,65.56195068,40.17434311,81.04447174
2016/4/22,57.08124161,62.07689667,64.68030548,40.42570877,82.47692871
2016/4/25,56.98945236,62.51460266,64.59449005,40.31798553,82.93067932
2016/4/26,57.40248108,62.8000412,64.90656281,40.461639399999996,83.1709137
2016/4/27,57.11795044,63.18065262,65.46053314,40.52447128,83.39333344
2016/4/28,57.65029907,62.48604584,64.01712799,39.887069700000005,83.49120331
2016/4/29,57.96237946,62.60975647,63.85328293,41.33245087,82.69936371
2016/5/2,58.42130279999999,63.92284775,64.50086212,42.10451508,83.77591705
2016/5/3,58.32950211,67.83358002,62.95602036,41.64666367,83.35774231
2016/5/4,58.15511322,67.60521698,62.57371139999999,42.24816132,84.87916565
2016/5/5,58.23773575,66.97721863,62.62052155,42.26611328,85.06601715
2016/5/6,58.02662277,67.79551697,63.38513947,42.15836716,85.10160065
2016/5/9,58.210186,68.24272919,63.51777649,42.11348724,85.82226563
2016/5/10,59.10050583,70.2694397,65.11723328,42.85861969,85.43968201
2016/5/11,58.65076065,69.86981964,64.47744751,42.31997299,83.6157608
2016/5/12,59.08216476,68.29029083,64.70372009,42.63418961,83.38444519
2016/5/13,58.69665909,68.80411529999999,64.16537476,42.31099319,84.38983154
2016/5/16,59.15558243,69.260849,64.75052643,42.56236267,85.68880463
2016/5/17,58.77925491,68.63285065,64.21218109,42.36485291,84.38093567
2016/5/18,59.19229507,68.88022614,64.55545807,42.70599747,83.89159393
2016/5/19,58.90776062,69.08956146,64.16537476,42.75088882,83.21537781
2016/5/20,58.92612076,69.44161987,64.92218018,42.89452744,85.08379364
2016/5/23,59.17393112,69.02296448,65.28887939,42.73293304,85.16387177
2016/5/24,60.14686584,70.32655334,67.01316071,43.20874405,87.19244385
2016/5/25,60.24782181,70.10769653,64.86756134,43.21772003,87.42376709
2016/5/26,60.18357849,70.44071198,66.20953369,43.10101318,85.83117676
2016/5/27,60.51400757,70.80230713,66.70888519,43.271595,85.92902374
2016/5/31,60.64250946,70.66909027,66.25634766,43.38829803,86.21374512
2016/6/1,60.73428345,71.09729004,66.95075226,43.34305573,85.83117676
2016/6/2,60.98210526,71.72525787,67.48130035,43.65975952,86.56072235
2016/6/3,60.73428345,71.35418701,66.54503632,43.30685425,86.88992309999999
2016/6/6,60.85361099,71.63011932,67.18482208,43.27065659,85.86676025
2016/6/7,61.12895584,71.79187775,68.10548401,43.32495117,85.89344025
2016/6/8,61.11060715,71.72525787,68.79988098,43.36116028,86.38279724
2016/6/9,61.15649796,71.49691772,68.40976715,43.7592926,87.33479309
2016/6/10,60.89949036,70.73570251,67.11460114,43.4606781,87.72625732
2016/6/13,60.40385818,69.8793335,66.73229218,43.04443741,87.65508270000001
2016/6/14,60.30289078,70.4236145,66.58404541,42.34770966,87.09456635
2016/6/15,59.97247314,70.29948425,65.92086029,41.94051361,87.6016922
2016/6/16,60.58742905,70.43317413,65.86624908,42.17578506,87.73516846
2016/6/17,60.44974899,69.50691223,65.39031219,42.1576767,87.29029083
2016/6/20,61.00965118,69.60241699,66.42799377,42.34770966,87.1212616
2016/6/21,61.25746918,69.984375,66.50601959,42.33865356,87.1212616
2016/6/22,61.32171631,69.83158112,66.40459442,42.34770966,87.6016922
2016/6/23,62.33135223,70.57640839,67.37207031,43.03539658,88.29569244
2016/6/24,59.55025101,67.48252869,62.84679413,41.03564072,88.40244293
2016/6/27,58.494731900000005,65.27672577,60.09260941,39.86837769,88.19781494
2016/6/28,60.20193100000001,67.83586121,61.83250046,40.97230911,89.57015991
2016/6/29,61.28499985,69.18225861,62.90921021,41.94956207,91.30129242
2016/6/30,62.836170200000005,70.35678101,62.48788834,43.07159042,92.85301208
2016/7/1,62.51493454,71.13980103,62.69855118,43.25255966,93.49883270000001
2016/7/5,62.03762817,71.2448349,61.84030151,43.02635193,94.20743561
2016/7/6,61.59706497,70.90106964,62.08216858,43.31591034,94.47651672
2016/7/7,61.62473679,71.38803864,62.95602036,43.43353271,90.83486938
2016/7/8,61.96607971,72.60077667,65.17964935,44.06694412,92.19824219
2016/7/11,61.94762802,72.5816803,64.94557953,44.32030869,93.04139709
2016/7/12,62.08601379,73.47929382,65.51515198,44.49223328,92.46733856
2016/7/13,61.85539246,73.6607132,65.60877228,44.13029861,93.66029358
2016/7/14,61.77234268,73.42199707,66.2329483,44.29315567,93.06829834
2016/7/15,61.366436,73.08779144,66.19393921,44.35650635,92.98757935
2016/7/18,61.31108475,73.41243744,66.10811615,44.00360489,93.75894928
2016/7/19,61.20960999,73.67983246,66.38899231,44.06694412,94.10874939
2016/7/20,61.28342056,74.48194122,67.09119415,44.13933182,95.35553741
2016/7/21,60.84981918,74.31961059999999,66.49040985,44.00360489,96.14484406
2016/7/22,61.32954788,74.46282959,67.94163513,44.48318863,97.59792328
2016/7/25,61.10812378,74.38643646,68.87790679999999,44.80893707,98.02847290000001
2016/7/26,61.47714233,77.19384003,69.69712829999999,44.7546463,98.0015564
2016/7/27,61.32031631,77.14608002,68.64382935,44.79084015,97.588974
2016/7/28,61.39411545,76.73548126,69.48648071,44.70940018,99.58917999
2016/7/29,60.65610123,75.94290924,69.54108429,44.510330200000006,100.72830959999999
2016/8/1,60.83137131,75.62779999,67.58273315,44.83608246,100.95256040000001
2016/8/2,60.96976471,74.93071747,65.12503815,44.32030869,98.19888306
2016/8/3,61.043552399999996,74.62516785,66.17052460000001,44.33840561,99.35595703
2016/8/4,61.16349029999999,74.6920166,65.50733948,44.24792099,100.8000717
2016/8/5,61.4679184,75.65645599,66.31877136,44.60986328,99.93003082
2016/8/8,61.87382126,75.82833862,66.27976227,44.70940018,100.5847931
2016/8/9,61.79080582,76.1339035,66.42020416,44.86323166,101.0960617
2016/8/10,61.94762802,76.24849701,66.79470825,44.99895096,99.66990662
2016/8/11,62.1505928,76.8691864,68.01964569,45.01705933,99.31111908
2016/8/12,62.16902542,76.42992401,68.00405884,44.68225479,100.862854
2016/8/15,62.1505928,76.47766113,68.23812103,44.60986328,99.33802795
2016/8/16,61.85539246,75.33179474,67.60613251,44.13029861,98.52179718
2016/8/17,61.92918015,75.58006287,67.87141418,43.97646332,98.25269318
2016/8/18,61.91072464,75.66601563,68.5736084,43.90407944,98.84469604
2016/8/19,61.85539246,75.70420837,68.34734344,43.92216873,98.01950073
2016/8/22,62.08601379,75.92382813,68.23812103,44.15743256,98.5756073
2016/8/23,61.92918015,76.45856476,68.90130615,43.8588295,98.3782959
2016/8/24,61.96607971,75.97157288,68.70623779,43.98551178,97.77731323
2016/8/25,62.37200546,76.01932526,68.87790679999999,44.23885345,97.98361206
2016/8/26,61.98453903,75.93336487,68.76085663,44.35650635,97.11359406
2016/8/29,62.65798569,75.79968262,69.08075714,44.85418701,98.43210602
2016/8/30,62.47346878,75.93336487,68.56581116,44.82703018,98.9254303
2016/8/31,62.39042664,75.75196075,68.0352478,45.05500031,98.74603271
2016/9/1,62.53806305,76.04795837,68.09767151,45.06412125,98.65632629
2016/9/2,63.00854111,76.81187439,67.86360168,45.58387375,100.3246994
2016/9/6,62.89783859,76.78324127,68.30052948,45.63858795,100.8269882
2016/9/7,62.80557632,76.43947601,68.05086517,46.00333405,102.719574
2016/9/8,62.67642975,75.68509674,67.28625488,45.85743332,101.88538359999998
2016/9/9,60.87748718,73.90899658,64.92218018,44.83615112,95.35553741
2016/9/12,61.99374771,74.52968597,65.57756805,45.76624298,97.60690308
2016/9/13,61.00664520000001,73.23101044,65.04701233,45.24648666,93.66926575
2016/9/14,60.72990036,72.87648773,64.93778229,45.06412125,94.34197235
2016/9/15,61.25573349,73.44181061,65.42932892,45.61123276,94.78148651
2016/9/16,60.80369949,71.94709778,64.73491669,45.27384186,95.30171967
2016/9/19,61.13579941,72.7232132,65.04701233,45.50181198,96.87139893
2016/9/20,61.62473679,73.36515808,64.90656281,45.66594696,96.92521667
2016/9/21,62.39042664,73.89213562,65.93647003,46.1948204,98.98822021
2016/9/22,62.92550278,74.27537537,66.44360352,46.59604263,101.3830719
2016/9/23,62.13214874,73.85380554,66.24855804,46.21305466,101.70599370000001
2016/9/26,61.81847763,73.65258789,65.97547913,45.97597122,102.0827255
2016/9/27,62.17827988,74.48616791,66.51382446,46.32248306,100.9435806
2016/9/28,62.02142715,73.99753571,67.12241364,46.47749329,101.9011612
2016/9/29,61.25573349,73.62387085,66.27197266,45.88478851,99.18199921
2016/9/30,62.0398674,73.80591583,66.49040985,46.38631821,98.26054382
2016/10/3,61.77234268,73.6909256,65.66339111,46.01245117,96.03822327
2016/10/4,61.19115829,73.25975799999999,65.62438202,45.84830856,95.33359528
2016/10/5,61.18193436,73.65258789,66.28755951,45.97597122,93.44554138
2016/10/6,61.56211472,75.00357056,66.24855804,46.28601837,93.97852325
2016/10/7,61.80321121,74.38079071,65.77262115,46.11275482,93.84303284
2016/10/10,61.91505814,74.16999817,66.08470917,46.0762825,94.13210297
2016/10/11,61.07621765,73.28849792,64.81295013,45.42886353,92.0723877
2016/10/12,61.67272186,73.95921326,65.01580811,46.02157211,93.27388763
2016/10/13,61.21603394,73.1352005,65.06261444,45.65682983,93.86109161
2016/10/14,61.50494766,73.29808044,65.25767517,45.81184387,93.83398438
2016/10/17,60.88981247,72.63697052,64.89097595,45.51092911,94.09597015
2016/10/18,60.71272278,72.77109528,66.56845093,45.61123276,94.89997864
2016/10/19,61.32787704,73.12562561,67.33305359,45.61123276,95.10774994
2016/10/20,60.78728867,72.13873291,67.36426544,44.84526443,96.04727936
2016/10/21,60.61019897,71.87045288,66.47481537,44.65378571,96.43572235
2016/10/24,60.55429077,72.7232132,67.23162842,44.27079391,96.40861511
2016/10/25,58.438564299999996,72.39743042,66.24075317,44.10667038,96.96870422
2016/10/26,58.92322159,72.00460052,65.46053314,44.23432922,95.90274048
2016/10/27,58.88594818,70.98896027,65.03921509,43.86046219,94.96320343
2016/10/28,59.13759613,71.25725555,65.94426727,44.07019043,94.77351379
2016/10/31,59.08166885,70.82606506,66.16272736,43.97900009,97.39329529
2016/11/1,58.58768845,73.63343048,66.31095886,43.45012665,96.97776794
2016/11/2,58.68089676,71.90877533,65.38250732,43.17656708,94.44828796
2016/11/3,59.31467819,71.83213806,65.10942841,43.4683609,92.59635162
2016/11/4,59.55701065,72.26327515,64.9533844,43.2951088,93.04804229999999
2016/11/7,60.66612625,73.29808044,66.72449493,44.28904343,95.78528595
2016/11/8,60.93641281,73.39389801,66.50601959,44.61730957,96.73383331
2016/11/9,62.36243439,73.68132782,67.05997467,45.50181198,98.52253723
2016/11/10,63.19192505,73.82506561,67.66074371,46.68722534,95.69494629
2016/11/11,63.17329788,73.12562561,66.74788666,46.99726486,94.36698914
2016/11/14,63.01486588,72.04290771,65.17964935,47.52613831,95.97498322
2016/11/15,63.12670898,71.611763,67.13800049,46.56868744,96.30020142
2016/11/16,63.09874344,71.95668793,67.62174225,46.37719727,96.5712204
2016/11/17,64.37562561,72.69445801,68.64382935,47.07932281,96.94161224
2016/11/18,64.52475739,73.89213562,67.73877716,46.97903061,97.02291107
2016/11/21,64.50610352,74.28497314,68.64382935,46.86959076,98.06179047
2016/11/22,64.68318939,74.39037323,68.98713684,46.67811203,100.33831020000001
2016/11/23,64.73912811,75.6934433,68.40976715,47.10668182,99.93180084
2016/11/25,65.02805328,75.46349335,68.90130615,47.28905869,101.1423187
2016/11/28,64.22650146,75.37726593,68.23812103,46.70545959,101.2868729
2016/11/29,64.29174042,75.59763336,68.61262512,46.73282242,100.925499
2016/11/30,64.59932709,73.95921326,67.66854858,46.25511932,99.00131226
2016/12/1,64.21718597,72.56030273,66.68548584,45.68553162,96.80610657
2016/12/2,63.74184418,71.86087036,66.80251312,45.16189575,98.41413116
2016/12/5,64.02146149,72.12915802,69.43185425,45.30887604,99.43492889
2016/12/6,64.10532379,72.34953308,68.36294556,45.76822281,100.27508540000001
2016/12/7,64.71116638,72.45493317,69.5020752,46.33779526,100.27508540000001
2016/12/8,64.61795044,71.97583771,70.21987152,46.07138443,99.93180084
2016/12/9,64.7484436,72.39743042,69.68932343,46.63177109,99.29942322
2016/12/12,64.73912811,72.60821533,69.33823395,46.56745529,99.12778473
2016/12/13,64.60863495,72.18664551,70.57098389,46.89818192,98.45928955
2016/12/14,63.88164139,72.9942627,70.57098389,46.14487076,96.54412842
2016/12/15,63.90028,74.36916351,71.59307861,46.68689728,95.75817871
2016/12/16,63.8070755,73.68650818,70.75822449,47.35751343,97.53784943
2016/12/19,64.01213837,73.14810944,71.35119629,47.46775818,99.0555191
2016/12/20,63.74184418,73.51345062,71.56965637,47.65148926,100.28411870000001
2016/12/21,63.66727448,73.73459625,71.82713318,47.52287292,98.49541473
2016/12/22,63.76049042,72.87889099,70.57098389,47.75253677,98.03470612
2016/12/23,63.86301041,73.09040833,70.87526703,47.78011322,98.73934174
2016/12/27,63.56475449,73.71537018,70.9766922,47.72498703,99.03744507
2016/12/28,63.11737061,73.62884521,70.28229523,47.42181778,98.80078888
2016/12/29,63.14533615,74.03265381,70.23548126,47.623935700000004,100.53939059999999
2016/12/30,62.99621582,72.72507477,69.68152618,47.73417282,101.15836329999999
2017/1/3,63.25720215,74.01341248,70.32129669,47.9914093,100.6577377
2017/1/4,63.64864349,75.22486115,70.43052673,48.59772873,103.2064896
2017/1/5,63.66727448,75.04218292,70.40713501,48.70796204,102.8332901
2017/1/6,64.01213837,75.84980774,71.00790405,48.81820679,102.1414795
2017/1/9,63.19192505,75.03256226,70.83625793,48.13838959,101.0855713
2017/1/10,62.92164612,74.6576004,70.72701263,48.15676498,100.9035187
2017/1/11,62.85641098,74.40760803,71.44482422,48.21187973,99.77478027
2017/1/12,62.986892700000006,74.08072662,71.078125,48.30376053,99.50170135
2017/1/13,63.12670898,74.38838959,71.62427521,48.51504135,99.72014618
2017/1/17,63.04282379,75.66713715,70.92208099,48.29456329,100.6031113
2017/1/18,63.53679276,76.39785004,72.99745941,48.62528229,101.05823520000001
2017/1/19,62.86573029,76.09979248,72.27185822,48.38642883,100.0478668
2017/1/20,63.36902618,76.71513367,72.55274200000001,48.54260635,101.1765976
2017/1/23,63.284729000000006,76.98433685,72.13141632,48.45073318,103.2520065
2017/1/24,63.91231918,76.94587708,73.62944794,48.90088654,103.8800964
2017/1/25,64.31511688,76.80165863,74.69834137,49.41535187,103.2247009
2017/1/26,64.39941406,76.49399567,69.84536743,49.41535187,103.133667
2017/1/27,64.4930954,76.73435974,70.42274475,50.17783356,102.66943359999999
2017/1/30,64.0153656,76.53244781,71.10153198,49.488838200000004,102.09597020000001
2017/1/31,63.71559906,76.35939789,71.14833069,49.45209885,100.8761902
2017/2/1,63.14421844,75.97480774,69.80105591,49.09380722,98.56410217
2017/2/2,65.14879608,76.01327515,73.43611908,49.56232834,99.27412415
2017/2/3,66.05740356,76.34014893,75.15076447,49.61745071,100.71235659999999
2017/2/6,65.48600769,76.29208374,74.75884247,49.62664032,102.57841490000001
2017/2/7,65.35486603,74.3210907,76.08158112,49.54395294,103.07905579999999
2017/2/8,65.95438385,76.76319885,76.12077332,49.66339111,104.2623978
2017/2/9,66.11362457,77.63813019,76.83602142,50.26051712,104.6629257
2017/2/10,66.58197021,77.35931396,76.96340942,50.68310547,104.10766600000001
2017/2/13,66.95665741,77.79196167,77.18875122,51.03220367,104.0075302
2017/2/14,67.38755798,77.39777374,77.33570862,51.04139709,104.6629257
2017/2/15,68.03388977,78.27271271,78.54088593,51.28023911,104.8904953
2017/2/16,68.62402344,78.57073975,78.32531738,51.87738037,105.4275513
2017/2/17,68.86755371,78.88804626,78.87400818,52.30915451,105.93730159999998
2017/2/21,68.31491089,79.00340271,79.1385498,51.58341217,107.83976750000001
2017/2/22,68.31491089,79.62835693,78.55067444,51.64772034,107.85796359999999
2017/2/23,68.88629913,79.88796234,78.31552887,51.87738037,108.20387269999999
2017/2/24,68.85817719,80.60906219,78.56046295,52.23566818,109.41452790000001
2017/2/27,68.82073212,79.44567108,78.54088593,52.3459053,109.6603012
2017/2/28,68.83009338,79.09955597,77.35530853,52.31835175,108.60439299999999
2017/3/1,69.92607117,79.82066345,79.1385498,53.42834854,107.57579799999999
2017/3/2,69.43896484,79.09955597,77.72764587,52.52184296,106.51076509999999
2017/3/3,69.52326202,79.75335693,78.33511353,52.59584808,107.03873440000001
2017/3/6,69.14859009,79.51299286,78.05097198,52.17034531,106.96589660000001
2017/3/7,68.96123505,79.45529938,78.28612518,52.09634399,106.6473236
2017/3/8,68.33362579,79.05147552,78.30572509999999,51.93909454,105.30921940000002
2017/3/9,68.47414398,78.82073975,77.43370056,52.02233887,103.4977722
2017/3/10,69.00807953,79.06111145,77.92359161,52.41085052,99.04656219
2017/3/13,69.53264618,79.53222656,83.21452332,52.71609497,99.30142212
2017/3/14,69.55136871,79.28223419,80.36328888,52.58658981,98.4730835
2017/3/15,69.64504242,79.61992645,80.84341431,52.79009628,100.50299840000001
2017/3/16,69.95416259999999,79.06996918,80.90219879,52.59584808,100.0114365
2017/3/17,70.38505554,78.95417786,81.04917908,52.66059494,100.3755417
2017/3/20,70.28201294,78.1726532,80.82380676,52.61434937,100.1024704
2017/3/21,69.50453186,77.23674774,79.86360168,51.80958939,100.76696009999999
2017/3/22,69.72934723,77.0920105,80.53966522,51.91133881,101.38596340000001
2017/3/23,69.88858032,77.01482391,81.70563507,52.05934525,102.0322418
2017/3/24,69.85112762,77.30428314,81.46068573,52.20734406,101.3677444
2017/3/27,69.88858032,77.58409882,81.88199615,52.29984665,100.50299840000001
2017/3/28,70.17897797,77.4683075,82.29350281,52.73459244,100.7396698
2017/3/29,69.69187164,77.21743774,81.90158844,52.53109741,100.72132109999998
2017/3/30,69.42021942,77.23674774,82.41108704,52.51259232,100.72132109999998
2017/3/31,69.21414948,76.82185364,81.70563507,52.29984665,101.36331940000001
2017/4/3,68.68021393,76.64818573,81.75462341,51.81884384,101.57425690000001
2017/4/4,68.77388763,76.34908295,81.61745453,52.15184402,102.0236511
2017/4/5,69.05622101,76.70606995,81.28431702,51.80034256,101.7668762
2017/4/6,68.95269775,76.80255127,81.3822937,52.17034531,102.8857727
2017/4/7,69.09386444,77.06306458,81.4704895,52.10559845,102.41804499999999
2017/4/10,69.05622101,77.7095108,81.75462341,52.11484146,103.42689509999998
2017/4/11,69.06563568,77.26569366,81.98978424,52.07784271,104.2156525
2017/4/12,68.43509674,77.69022369,81.32350922,51.60609055,104.2156525
2017/4/13,67.82341003,77.34288025,81.28431702,51.34708786,104.13311
2017/4/17,68.42569733,77.7963562,81.75462341,52.05934525,105.53633880000001
2017/4/18,68.34099579,77.91213989,81.44108582,51.83734131,105.78397369999999
2017/4/19,68.36923981,77.81564331,81.54885864,51.63383484,106.0774689
2017/4/20,68.97151947,78.70332336,81.97997284,52.03158569,106.33428959999999
2017/4/21,67.64460754,79.62958527,81.41168976,51.43958664,105.8665085
2017/4/24,68.72682953,80.39183044,82.66584778,51.84658813,103.8212814
2017/4/25,68.75506592,80.91285706,82.35230255,52.20734406,104.85765079999999
2017/4/26,69.09386444,80.93214417,82.42089081,52.12408829,104.178978
2017/4/27,69.87494659,81.13475037,79.79502106,52.47559738,103.60115809999999
2017/4/28,69.76202393,81.23126221,79.30512238,51.62458801,103.18843840000001
2017/5/1,69.94081879,81.45316315,80.09876251,51.7448349,103.4727631
2017/5/2,69.68673706,80.33393097,79.64804077,50.94009018,105.06858829999999
2017/5/3,69.55500031,80.06376648,85.2917099,50.88458252,103.93132779999999
2017/5/4,69.99728394,80.58477783,84.80181122,51.20833206,104.8117905
2017/5/5,70.11963654,80.13130188,85.71302032,51.53208923,105.3162384
2017/5/8,69.75260925,80.41110229,85.42887878,51.31933212,105.2153473
2017/5/9,69.31030273,80.22779083,85.06635284,51.07884216,104.1147537
2017/5/10,69.44205475,80.64267731,85.23291016,51.31933212,105.0410919
2017/5/11,69.33853149,80.6619873,85.35048676,50.9955864,105.53633880000001
2017/5/12,69.05622101,80.18920135,84.18452454,50.62558746,106.2517166
2017/5/15,69.46086884,80.47864532,84.58625793,51.05107879999999,106.2517166
2017/5/16,69.71498108,80.83565521,83.11654663,51.162090299999996,106.24254609999998
2017/5/17,69.36675262,79.93834686,81.06877136,50.83833313,106.87537379999999
2017/5/18,70.11021423,79.89974976,80.92179108,51.22683334,107.38898470000001
2017/5/19,70.21372986,80.27603149,81.11775208,51.57833862,107.92091370000001
2017/5/22,70.32668304,81.07686615,81.27452087,52.05009079,108.13188170000001
2017/5/23,70.33607483,80.71987152,80.40249634,52.43859482,108.7830582
2017/5/24,70.67485046,80.99967957,80.63765717,52.57733917,108.48039250000001
2017/5/25,72.02060699,82.36013031,81.4704895,53.23410416,107.6366043
2017/5/26,71.87003326,82.28294373,80.82380676,52.83633804,107.5540771
2017/5/30,72.82992554,82.29256439,80.49068451,52.6975975,107.3064423
2017/5/31,72.98990631,82.852211,80.87279509999999,52.83730316,107.01294709999999
2017/6/1,72.79228973,83.72058105,81.18634796,53.51721573,108.16857150000001
2017/6/2,72.93344116,83.62408447,81.74481964,53.77978134,110.09458159999998
2017/6/5,72.82052612,83.50830841,81.63705444,53.36717224,110.36972809999999
2017/6/6,72.31234741,83.21884918,81.17654419,52.7482605,108.7463913
2017/6/7,72.35939026,83.50830841,81.58805847,53.38592148,109.0306702
2017/6/8,72.74524689,82.29256439,81.52927399,53.81729507,108.72802730000001
2017/6/9,73.62042999,81.63648987,76.73803711,54.2767868,108.8013916
2017/6/12,73.88394165,81.94524384,79.21692657,54.43620682,108.7830582
2017/6/13,73.96864319,82.72678375,79.11896515,54.51123047,108.85642240000001
2017/6/14,74.8908844,82.99785614,78.35471344,54.36118698,109.11322779999999
2017/6/15,75.38024902,83.28829193,77.65905762,55.14889908,109.05819699999999
2017/6/16,75.54023743,82.47505951,78.30572509999999,55.29893112,108.113533
2017/6/19,75.41789246,82.35888672,79.765625,55.33644485,109.2507935
2017/6/20,75.09792328,82.43633270000001,78.72703552,55.00822829999999,109.37919620000001
2017/6/21,74.72148895,82.28142548,79.05037689,54.29554367,109.1865997
2017/6/22,74.04392242,82.15557098,79.54026794,53.54534531,110.7824402
2017/6/23,73.46045685,82.13619995,79.765625,53.17962646,110.6081619
2017/6/26,73.54514313,82.19429779,79.62845612,53.32028961,111.23184199999999
2017/6/27,73.31930542,82.50410461,78.83482361,52.99207687,111.52532959999999
2017/6/28,74.07214355,83.23989105,79.58926392,53.81729507,111.3313675
2017/6/29,73.08402252,82.10719299,77.90401459,53.47032547,109.90889740000001
2017/6/30,73.3663559,82.67837524,77.97261047,53.68600464,111.2759399
2017/7/3,73.41342163,82.72678375,77.18875122,53.94857788,111.71929170000001
2017/7/5,73.51691437,83.36573792,77.7962265,53.91106796,111.1650848
2017/7/6,73.09343719,82.82357788,77.08096313,53.60160828,109.1329956
2017/7/7,74.07216644,84.01438904,77.66885376,54.11737061,109.48398590000002
2017/7/10,73.84522247,84.51782227,78.31552887,53.88293839,108.2647324
2017/7/11,73.20219421,85.02124786,76.97319794,53.22651291,108.855896
2017/7/12,73.91142273,85.77637482,78.80541229,53.32966232,109.9735565
2017/7/13,74.45987701,86.40566254,78.74664307,53.97671509,109.66872409999999
2017/7/14,74.57335663,86.72515106,79.35410309,54.02359772,110.8787613
2017/7/17,74.69628906,86.7735672,79.78523254,53.92044449,111.88556670000001
2017/7/18,74.84761047,86.98655701,79.569664,53.97671509,111.48838810000001
2017/7/19,74.8948822,87.00592041,81.1079483,54.09861755,112.7722855
2017/7/20,75.31096649,86.94782257,80.91199493,54.64250946,112.75383000000001
2017/7/21,75.66086578,87.13175964,80.2065506,54.99885941,111.76548770000001
2017/7/24,75.91619109999999,87.24793243,79.93218231,55.16764832,111.3221054
2017/7/25,76.18094635,86.84130859,80.13795471,55.420837399999996,110.97111509999998
2017/7/26,75.85944366,87.79978943,79.87341309,55.01761246,111.59923549999999
2017/7/27,73.20219421,88.1483078,78.12935638,54.41744995,111.6269379
2017/7/28,74.4031601,87.93532562,78.09996796,55.71153641,111.21127320000001
2017/7/31,73.73174286,88.31289673,77.38471985,55.13014603,111.99640659999999
2017/8/1,74.47880554,88.94218445,78.00198364,55.50523758,111.7747269
2017/8/2,74.36531067,88.33224487,77.51209259,55.34581757,111.3221054
2017/8/3,74.16674805,87.52869415,75.9444046,54.99885941,111.56227870000001
2017/8/4,73.930336,87.48999023,76.58127594,55.34581757,111.40525819999999
2017/8/7,73.76011658,87.66424561,76.88501740000001,55.24266434,111.3775482
2017/8/8,73.23055267,87.12207794,75.19975281,55.14889908,111.4144897
2017/8/9,73.26838684,86.54122162,74.68045044,55.23329163,111.6084595
2017/8/10,72.89012146,86.4153595,73.16175842,54.96134186,110.7401962
2017/8/11,72.83336639,86.37661743,73.10297394,54.78317261,110.4261627
2017/8/14,73.54261017,87.56742859,74.30812836,55.19578552,112.4490051
2017/8/15,73.86413574,87.77073669,73.43611908,55.0644989,112.2088699
2017/8/16,73.90194702,88.53554535,74.75884247,55.24266434,112.5968018
2017/8/17,73.01304626,86.71547699,73.01480103,54.24866104,112.384346
2017/8/18,73.15490723,86.96717834,73.20095062,54.3330574,110.85105130000001
2017/8/21,73.24946594,87.96437073,73.57328033,54.51123047,111.8486176
2017/8/22,73.88304138,88.66142273,74.47470093,54.97071838,110.8972321
2017/8/23,72.96577454,88.42906189,73.76925659,54.58624268,111.71929170000001
2017/8/24,72.70100403,88.34193420000001,73.82802582,54.68002319,112.01488490000001
2017/8/25,72.77664185,88.42906189,73.84762573,54.745666500000006,111.29441829999999
2017/8/28,73.23055267,88.86471558,74.07298279,54.67064667,110.19522090000001
2017/8/29,72.81446075,89.00993347,74.87641144,54.42683411,109.5948334
2017/8/30,73.20219421,89.44560242,75.43489838,54.58732605,110.28759769999999
2017/8/31,73.83576202,89.95870209,76.63026428,54.66285324,112.05183410000001
2017/9/1,73.63718414,89.39717865,76.93400574,54.68173599,112.0425873
2017/9/5,73.84522247,89.27133942,75.43489838,54.48347473,111.25747679999999
2017/9/6,74.67739868,89.52305603,74.80783081,54.92719269,111.2020493
2017/9/7,74.55445099,89.58113098,73.83782959,54.45515442,110.93417360000001
2017/9/8,77.4954071,89.35847473,73.62226868,56.35277176,110.2506561
2017/9/11,76.78617859,90.41373444,74.73924255,56.68320847,111.17433929999999
2017/9/12,77.31573486,90.35564423,74.95479584,56.94755173,110.8418121
2017/9/13,77.30627441,89.47463989,75.60147858,56.60768509,110.3245544
2017/9/14,76.78617859,89.45521545,75.08217621,56.64545059,111.6084595
2017/9/15,76.89964294,89.35810089,74.68045044,57.00420379999999,111.3221054
2017/9/18,77.02258301,90.84400177,74.92541504,57.02307892,111.22976680000001
2017/9/19,77.32518005,90.09620667,74.93521118,56.99475861,110.8418121
2017/9/20,78.10060883,90.12532043,74.92541504,57.3251915,110.2414169
2017/9/21,77.86420441,90.04764557,74.73924255,57.277980799999995,110.2321777
2017/9/22,78.22354126,90.36813354,74.69026184,57.58008957,109.0498581
2017/9/25,78.37484741,90.15447235,74.20036316,57.47624207,109.73339080000001
2017/9/26,79.1029892,89.97966003,74.02399445,58.04269791,110.06591029999998
2017/9/27,79.64200592,90.31956482,74.92541504,58.18431091,108.5880203
2017/9/28,79.11247253,90.64976501,75.14096832,58.07101822,109.31380459999998
2017/9/29,79.25429535,90.69832611,75.26833344,58.10878754,110.7002335
2017/10/2,79.92570496,90.64006805,77.89421082,58.24095154,110.4862061
2017/10/3,79.80274963,90.70804596,76.92420959,58.53362656,110.65370940000001
2017/10/4,78.73419189,91.00910187,76.71844482,58.155990599999996,111.6679459
2017/10/5,79.15027618,91.11594391,78.07056427,58.34480667,112.012207
2017/10/6,79.03152466,91.20334625,77.86480713,58.30704117,112.0773621
2017/10/9,79.53249359,91.63066101,78.99159241,58.155990599999996,112.55191040000001
2017/10/10,79.66609192,91.88317108,79.55986786,58.4108963,113.342804
2017/10/11,79.75195313,91.91230011,78.94259644,58.26928329,113.9941635
2017/10/12,79.74241638,91.88317108,79.65784454,58.57138824,115.0270157
2017/10/13,80.05730438,92.22306824,79.82440948,58.55250549,115.06422420000001
2017/10/16,80.06685638,92.46588135,79.961586,58.64691544,114.9153519
2017/10/17,79.70423889,91.6598053,80.33392334,58.42033768,115.4736328
2017/10/18,79.72332764,92.07738495,80.60825348,58.65635681,114.6082764
2017/10/19,80.42943573,92.40760803,81.06877136,59.13784409,114.7850647
2017/10/20,80.57256317,92.53385162,81.80361938,59.40218735,113.76153559999999
2017/10/23,80.41989899,92.95146179,81.4704895,59.43995285,113.48239140000001
2017/10/24,80.6202774,92.52415466,81.50967407,59.31721878,113.58475490000001
2017/10/25,80.60118866,92.77664948,80.76502991,59.04343414,113.5382233
2017/10/26,77.63362885,93.17482758,79.55986786,58.76965332,113.2683868
2017/10/27,77.29011536,93.83522797,81.02955627,59.04343414,113.6684875
2017/10/30,76.92752838,93.3010788,80.72583771,59.23225021,113.25906370000001
2017/10/31,77.22332764,90.08647919,80.94139099,59.78926849,115.34336090000002
2017/11/1,78.64508057,90.42639923,80.56906128,60.04416656,116.5064774
2017/11/2,79.82830048,90.66917419,80.69643402,60.30850983,115.90166470000001
2017/11/3,78.60692596,90.49438477,83.18512726,60.12913132,116.59024050000001
2017/11/6,78.84546661,90.44582367,82.63643646,60.55397797,116.93450159999998
2017/11/7,78.6832428,87.86249542,82.77361298,60.14802170000001,117.2974014
2017/11/8,78.65463257,89.00848389,84.17473602,59.97808075,117.45558170000001
2017/11/9,79.13172913,89.85339355,82.33271027,60.09137726,117.33461000000001
2017/11/10,79.34165955,90.08647919,82.51887512,60.49733353,117.8370743
2017/11/13,79.19852448,90.17388916,82.55805969,60.36515808,117.80916599999999
2017/11/14,79.77104187,90.73717499,83.49867249,61.46031189,117.5020981
2017/11/15,79.33210754,90.84400177,82.42089081,61.67744827,115.278244
2017/11/16,79.11264038,90.51380157,83.91017914,62.14948654,117.4183502
2017/11/17,78.57829285,89.40665436,84.76261139,62.28166962,117.4369659
2017/11/20,79.13172913,89.31925201,84.39028931,62.31942749,117.4741898
2017/11/21,79.62789917,89.09587859999999,84.81160736,63.21632004,119.0653152
2017/11/22,78.86456299,88.95021057,84.92918396,62.89532852,118.1255264
2017/11/24,78.56874084,89.45521545,84.50786591,61.73410034,117.97664640000002
2017/11/27,78.72142029,89.31925201,84.40988159,62.03620148,118.3860703
2017/11/28,79.79013062,90.04764557,85.91877747,62.90476608,117.12059779999998
2017/11/29,79.77104187,90.04764557,85.24271393,62.70650864,118.14413449999999
2017/11/30,80.08591461,91.61123657,85.85998535,62.51657104,118.2278824
2017/12/1,81.16416168,91.04795074,86.56543732,63.21931839,119.74457549999998
2017/12/4,82.03249359,90.93140411,85.0173645,63.22882843,120.06093600000001
2017/12/5,81.11646271,92.42702484,85.43867493,62.50707245,117.26017759999998
2017/12/6,80.53440857,92.55328369,85.62483978,62.51657104,118.03247830000001
2017/12/7,79.89509583,93.1068573,85.4092865,61.98476028,119.26071929999999
2017/12/8,80.27675629,93.08742523,85.82080078,62.3836174,120.96352390000001
2017/12/11,80.08591461,92.95146179,85.26232147,62.18420029,121.14032749999998
2017/12/12,80.77294922,91.52383423,85.45826721,61.52892685,122.26618959999999
2017/12/13,79.58020782,91.5432663,85.38969421,60.97811508,122.0429001
2017/12/14,79.21759796,91.18280792,85.2917099,60.48427963,122.72212979999999
2017/12/15,79.30347443,92.38104248,85.76200867,60.75968933,123.6061096
2017/12/18,78.72142029,92.79020691,85.99716187,60.63622665,124.7134247
2017/12/19,78.74049377,92.54666138,86.08533478,61.15855026,122.45231629999999
2017/12/20,78.35881805,92.62458038,86.35968781,60.97811508,119.68875890000001
2017/12/21,77.01340485,92.41028595,86.35968781,59.81001663,119.8748398
2017/12/22,76.99431609999999,91.88420868,86.10494232,59.44914627,120.4610672
2017/12/26,77.04202271,91.6991272,86.15393066,59.74355316,121.326416
2017/12/27,77.94852448,91.57248688,86.65363312,60.03794098,122.10801699999999
2017/12/28,78.21569824,91.84524536,86.83979034,60.42730713,122.4265594
2017/12/29,77.66223907,91.66016388,86.22251129,60.09491729999999,122.35162350000002
2018/1/2,76.71760559,91.28023529,86.89858246,59.04079437,121.73324579999999
2018/1/3,77.71952057,91.81602478,87.83919525,59.48713684,121.1617432
2018/1/4,78.53059387,92.49794006,88.86798096,60.03794098,118.7445068
2018/1/5,79.07447815,93.02399445,89.63223267,60.31333923,118.9880905
2018/1/8,78.23478699,93.2578125,89.13252258,60.35133362,119.2504272
2018/1/9,78.23478699,93.55979156,89.34809113,60.42730713,118.35099790000001
2018/1/10,77.4427948,94.76776886,88.98556519,60.370327,117.37659450000001
2018/1/11,77.30919647,95.25485992,87.99594879,60.20888901,117.20796969999999
2018/1/12,77.99621582,95.08924866,88.22132111,60.66471863,117.22669979999999
2018/1/16,77.53821564,94.66060638,88.14293671,60.22787094,117.0486908
2018/1/17,77.79584503,95.07951355,89.34809113,60.82617188,117.5827255
2018/1/18,77.82447052,95.02106476,89.53424072,60.80717087,117.4702988
2018/1/19,78.32065582,95.92704773,90.84718323,61.05408096,118.00434109999999
2018/1/22,78.92179108,96.62845612,91.94455719,61.49094009,119.2879028
2018/1/23,79.16034698,96.56999969,92.11112976,61.31048965,119.61582949999999
2018/1/24,79.59928894,97.96305084,91.88577271,61.84231186,118.63207240000001
2018/1/25,79.74241638,98.87879181,92.10132599,62.34562302,118.9599838
2018/1/26,81.79393768,100.22314449999999,92.78718567,66.9420166,118.4915314
2018/1/29,80.83020782,100.038063,91.78778076,66.25824738,116.6551895
2018/1/30,80.25993347,100.0088348,90.81778717,65.84042358,117.8169403
2018/1/31,80.04907227,99.71659851,90.88638306,64.88124084,121.51775359999999
2018/2/1,81.5154953,99.47303772,91.54283905,65.70745087,117.32038119999999
2018/2/2,81.1704483,98.20661163,90.32788849,65.11865997,116.28978729999999
2018/2/5,79.09062958,94.68984222,87.27091217,62.93441772,112.3172607
2018/2/6,78.82225799999999,93.24806213,87.31989288,62.10820770000001,111.06180570000001
2018/2/7,78.74559784,94.27094269,85.83059692,62.78247452,111.455307
2018/2/8,76.01403046,90.34501648,82.82260132,61.15855026,107.35163119999999
2018/2/9,77.08748627,92.5758667,84.01796722,61.67137527,110.5933456
2018/2/12,77.67214203,92.69277954,85.03696442,62.87744904,111.5677338
2018/2/13,77.90216064,93.68642426,85.11534119,63.60869598,112.7669983
2018/2/14,78.84144592,93.52083588,87.63344574,64.76728058,112.4859085
2018/2/15,79.01396942,94.06636047,89.1521225,65.57450867,114.05991359999999
2018/2/16,79.32065582,95.29382324,89.36767578,65.4985199,114.92188259999999
2018/2/20,80.03949738,94.80675507,89.92617035,65.8214035,113.33850100000001
2018/2/21,79.32065582,94.64112854,89.53424072,65.44155121,110.9587402
2018/2/22,78.49639893,95.4983902,89.75959778,64.70079803,112.40159609999999
2018/2/23,80.09699249,97.24217987,90.93535614,65.51751709,114.9125137
2018/2/26,81.1704483,97.33959198,91.07253265,66.24876404,115.59646609999999
2018/2/27,80.80623627,95.89781952,90.5042572,66.45771027,113.2167053
2018/2/28,79.56985474,94.67036438,90.14172363,65.63147736,113.65705109999999
2018/3/1,78.41971588,93.48184967,88.97576141,65.31622314,114.86567690000001
2018/3/2,79.18647766,94.39758301,90.12213135,65.59327698,115.69953159999999
2018/3/5,79.86696625,97.01810455,90.83737946,66.54859924,117.10489650000001
2018/3/6,80.0682373,96.1608429,91.74859619,66.5008316,117.49840549999999
2018/3/7,80.31742859,96.02445221,92.45406342,66.44351196,117.84505459999998
2018/3/8,80.93083954,96.71612549,92.65981293,66.92118073,117.7138824
2018/3/9,82.30141449,98.16764832,93.58082581,69.38594818,118.0324554
2018/3/12,81.38130188,98.61578369,93.94335938,68.5070343,118.0792847
2018/3/13,81.10337067,97.81694794,93.66901398,68.08667755,118.57585139999999
2018/3/14,80.28868103,97.72926331,93.33587646,67.58036804,118.4259491
2018/3/15,80.37494659,97.82699585,93.55143738,67.58036804,119.0630569
2018/3/16,80.82541656,98.3547287,93.20850372,67.83831024,120.1498642
2018/3/19,80.91166687,97.77812958,92.62062073,67.37019348,119.212944
2018/3/20,81.40047455,98.62837219,92.64022064,67.68544769,118.41658020000001
2018/3/21,80.97875977,98.29610443,92.54223633,67.13135529,117.4515533
2018/3/22,79.00437927,95.30556488,91.43505859,65.50728607,114.4721756
2018/3/23,77.1929245,92.70597839,89.74980164,63.71125793,111.1180267
2018/3/26,78.67850494,93.97647858,91.89556885,65.18247223,113.4696655
2018/3/27,78.00757599,92.53006744,90.59243774,64.51374054,114.2847824
2018/3/28,78.48682404,93.15553284,89.84777832,65.15380096,116.6256027
2018/3/29,79.15770721,94.11328888,90.92556,65.66014862,117.88095859999999
2018/4/2,77.60504913,92.55939484,89.48526001,64.10294342,114.9549332
2018/4/3,77.88299561,92.84279633,90.01435852,64.81945038,115.9365768
2018/4/4,78.57305908,93.82009888,90.81778717,65.34487915,117.446785
2018/4/5,78.72642517,95.24694824,90.83737946,65.37353516,116.25749209999998
2018/4/6,77.36543274,93.36076355,89.92617035,64.09339142,115.219223
2018/4/9,77.63024139,93.82009888,90.39646149,64.41820526,114.5301971
2018/4/10,78.67980957,94.6312561,91.51345062,65.31622314,114.8700104
2018/4/11,78.17910004,94.15236664,91.73880005,65.01052094,114.29423519999999
2018/4/12,78.94944,94.48465729,92.64022064,65.49772644,114.01106259999999
2018/4/13,78.93017578,94.04488373,92.98314667,65.39265442,115.20034790000001
2018/4/16,80.50935364,95.08079529,94.03153992,66.18556976,116.0309601
2018/4/17,80.91377258,95.39353179999999,95.55023193,66.53904724,117.2768784
2018/4/18,80.79824066,95.31536102,96.23608398,66.7014389,117.3335114
2018/4/19,80.25899506,94.85601807,95.25629425,66.96895599,115.2097855
2018/4/20,79.82568359,93.82987213,94.61941528,66.84476471,114.49243929999999
2018/4/23,80.38417816,93.52690125,95.07012177,67.13135529,114.55851750000001
2018/4/24,79.50791931,92.6180191,94.64879608,66.45307159,114.83222959999999
2018/4/25,79.54644012,91.9730072,94.62921906,66.28110504,115.0210114
2018/4/26,79.59457397,92.84279633,99.12650299,67.09314728,116.38963319999999
2018/4/27,79.37312317,92.54961395,101.1840744,67.46573639,117.85265349999999
2018/4/30,78.47760009999999,92.81348419,100.8313675,66.86385345,117.57893370000001
2018/5/1,78.4679718,97.39699554,102.5949936,66.78743744,122.1473007
2018/5/2,76.85990143,96.25354767,102.3010559,65.57416534,120.41055300000001
2018/5/3,77.63986206,97.15265656,102.69298549999999,65.49772644,119.61770630000001
2018/5/4,78.14058685,98.37428284,103.1044998,65.86076355,121.33555600000001
2018/5/7,78.24650574,99.88907623,104.42722320000001,65.93717194,122.5153885
2018/5/8,78.15021515,100.8468323,105.12288670000001,65.64102936,121.1373367
2018/5/9,78.23686981,101.5504837,105.60298159999999,65.59327698,122.5531693
2018/5/10,78.73757935,102.5277863,106.00470729999999,66.16645813,122.10010530000001
2018/5/11,78.54499817,102.5082245,105.2992477,65.66970062,120.85417179999999
2018/5/14,78.11169434,102.3225479,104.5839996,64.53285217,119.8536682
2018/5/15,77.73616028,102.3225479,103.9961166,63.87366486,117.1824875
2018/5/16,77.63024139,102.4593658,103.7413635,63.64438629,115.75724029999999
2018/5/17,77.99613953,101.4625397,103.51600649999999,63.95008469,114.91718290000001
2018/5/18,78.15985107,101.7557144,103.21228029999999,64.51374054,114.4169388
2018/5/21,78.40057373,102.07820129999999,103.4278412,65.06782532,116.5028915
2018/5/22,78.63166809,101.14978029999999,103.28086090000001,65.09649658,116.8521423
2018/5/23,78.6124115,101.5113907,104.3978348,64.97231293,118.74932859999998
2018/5/24,78.41981506,101.4429703,104.4076309,65.10604858,116.8615723
2018/5/25,78.28502655,101.1106949,104.3978348,64.59971619,116.5689774
2018/5/29,76.15696716,100.0552292,103.849144,62.86101532,117.4090118
2018/5/30,77.77467346,100.91524509999999,104.4566193,63.98830795,118.2962646
2018/5/31,77.38951874,99.89886475,103.486618,63.70954514,117.9092712
2018/6/1,77.44728088,100.8761444,104.6819611,63.66148758,118.53224180000001
2018/6/4,77.96726227,101.4136505,105.4266281,63.89218903,120.0707626
2018/6/5,78.10206604,102.38119509999999,106.57298279999999,63.82489395,119.5044403
2018/6/6,78.54499817,104.5018997,107.0139084,64.31511688,119.2307129
2018/6/7,79.14201355,103.075058,106.0634995,64.63232422,119.24958799999999
2018/6/8,79.82568359,103.7298431,105.759758,65.15137482,120.0518875
2018/6/11,79.35385132,103.4562149,104.9465256,64.63232422,118.2396317
2018/6/12,78.67017365,104.7364578,104.4566193,63.79605865,119.702652
2018/6/13,79.13237762,104.66804499999999,103.7021713,63.59421539,118.64550020000001
2018/6/14,78.90129089,105.58944699999999,104.66237640000001,63.42118454,120.49551389999999
2018/6/15,79.28644562,105.31499479999998,104.7799606,63.25776672,120.66541289999999
2018/6/18,79.55606842,105.14834590000001,105.3090515,63.81527328,119.3062134
2018/6/19,79.24794769,105.265976,106.17127990000002,63.45962906,119.2684631
2018/6/20,78.03466797,104.88369750000001,106.46521000000001,63.00786591,119.4949875
2018/6/21,77.76503754,105.265976,104.96611019999999,62.97901917,119.31565090000001
2018/6/22,78.57389832,105.50122069999999,103.3788452,64.15171814,119.94805149999999
2018/6/25,78.86277771,104.4720078,102.35005190000001,63.80567169,118.87203980000001
2018/6/26,78.28502655,104.0014954,102.56560520000001,63.469242099999995,118.5511169
2018/6/27,77.27394867,102.786026,100.5276184,62.25811386,117.81488799999998
2018/6/28,78.02503204,103.6192093,102.0757065,62.59453964,120.1447525
2018/6/29,78.93017578,103.932869,102.72236629999999,62.74833679,119.983078
2018/7/2,79.19015503,104.5896301,104.5643997,62.72911453,119.51711270000001
2018/7/3,79.48866272,104.4916077,104.18228909999999,62.988632200000005,120.4395523
2018/7/5,80.28787231,105.413002,103.6923752,63.52692413,121.3905182
2018/7/6,81.10636139,106.22660829999998,104.4174347,64.21898651,121.40953059999998
2018/7/9,82.70480347,106.079567,104.9269257,65.52625275,121.91354369999999
2018/7/10,82.41936493,105.5110321,104.7113724,65.40129089,121.1337585
2018/7/11,82.11940765,105.59926609999998,104.9955063,65.54547882,121.75187679999999
2018/7/12,83.10635376,106.403038,107.63117220000001,65.99725342,121.6567841
2018/7/13,83.7546463,105.99133300000001,107.55279540000001,66.18949889999999,121.63777160000001
2018/7/16,83.94816589,105.56984709999999,107.748764,66.76622009,120.7343445
2018/7/17,84.11265564,106.1971817,107.8859253,66.98730469,119.6026993
2018/7/18,84.88672638,106.8147354,108.49340819999999,67.76589203,119.47907260000001
2018/7/19,84.30615997,106.5696716,107.474411,67.57364655,120.69630430000001
2018/7/20,84.64482117,106.7461166,106.04389950000001,67.66016388,118.57566070000001
2018/7/23,84.60612488,107.17741389999999,105.8381348,68.04463959,117.4915619
2018/7/24,84.26744843,106.52066040000001,105.4266281,67.77550507,116.8449097
2018/7/25,84.75126648,107.32445530000001,107.0335007,68.40029144,117.29185490000002
2018/7/26,82.72899628,106.9715729,110.727356,68.43873596,117.2538223
2018/7/27,81.52918243,105.31499479999998,109.7867432,68.14076996,116.54060359999998
2018/7/30,81.34533691,102.9820557,108.3170471,68.38106537,116.79736329999999
2018/7/31,80.65834808,101.0902328,107.748764,68.58293152,121.1908112
2018/8/1,80.35839844,100.9138031,107.748764,68.57331085,121.88501740000001
2018/8/2,80.135849,101.2274628,107.61157990000001,68.39067841,119.8689728
2018/8/3,80.45516968,102.1586838,107.7193604,68.68866729999999,121.2098312
2018/8/6,80.78414154,102.7076035,108.8755264,68.76555634,121.92305759999999
2018/8/7,81.02603912,103.080101,108.94411470000001,68.81361389,121.22885890000002
2018/8/8,81.27761078,103.7760468,109.16947169999999,68.87128448,120.620224
2018/8/9,81.29695892,104.8346939,108.93431090000001,68.59254456,120.26837920000001
2018/8/10,80.31970215,104.7660675,109.18906399999999,68.12154388,119.07015990000002
2018/8/13,79.71011353,104.04071040000001,108.7285614,67.69861603,118.09066770000001
2018/8/14,80.07778931,104.5798264,109.45361329999999,67.91968536,118.39497379999999
2018/8/15,80.11650848,103.9230804,109.1498642,68.36186218,120.5251389
2018/8/16,80.91959381,104.2367325,109.07148740000001,69.12121582,122.3129501
2018/8/17,81.27761078,104.98171229999998,108.62078090000001,69.40956879,123.3970413
2018/8/20,80.63899231,105.35420230000001,108.963707,69.17887878,122.1132507
2018/8/21,81.43242645,105.4522247,109.09107209999999,69.55376434,121.048172
2018/8/22,80.75511169,106.1089706,109.87493130000001,68.89050293,120.315918
2018/8/23,80.74542236,106.2363968,109.68875890000001,68.96741486,120.315918
2018/8/24,81.47112274,106.71671299999998,110.68814850000001,69.35190582,120.4205322
2018/8/27,81.97427368,105.76589969999999,110.7665482,69.49607849,120.1542587
2018/8/28,81.50015259,105.46202849999999,111.0310898,69.34229279,122.0561905
2018/8/29,81.87752533,105.9227371,112.1088715,69.47684479,121.7994308
2018/8/30,81.33566284,105.56984709999999,111.8247223,68.89050293,121.1052246
2018/8/31,81.88718414,106.03054809999999,111.71694950000001,69.34229279,122.0561905
2018/9/4,82.03232574,105.73648829999999,111.12906650000001,70.15932465,119.80241389999999
2018/9/5,82.13877106,104.43279270000001,110.11007690000001,70.67837524,121.2573853
2018/9/6,82.57417297,105.4718246,110.0218887,71.39366913,122.3034439
2018/9/7,82.95155334,105.32478329999999,108.71875759999999,71.29701233,120.4395523
2018/9/10,83.35792542,106.5696716,108.5522003,71.71265411,121.14326480000001
2018/9/11,83.57080078,107.0009689,109.0028992,71.65465546,121.6853104
2018/9/12,82.96121216,107.3342514,109.8651199,71.09403229,121.3809967
2018/9/13,83.11603546,108.1895447,109.8259277,72.1282959,121.7423706
2018/9/14,83.95783234,108.25835420000001,110.0512848,72.38928223,120.7628784
2018/9/17,83.82236481,107.58001709999999,108.50319669999999,72.61160278,121.3239517
2018/9/18,80.46482086,107.9044418,108.6109848,72.52460479999999,120.39199070000001
2018/9/19,82.53547668,106.9311676,108.6697693,73.20123291,119.2888794
2018/9/20,82.31291962,107.9339294,108.209259,73.58787537,120.0496445
2018/9/21,83.15474701,108.71057890000002,108.1308746,73.37522125,120.58219150000001
2018/9/24,82.59353638,108.07156370000001,107.474411,72.64059448,118.25233459999998
2018/9/25,81.56788635,107.953598,109.03229520000001,72.06063843,117.1967545
2018/9/26,80.95829773,107.66849520000001,108.75794979999999,71.54831696,116.42648319999999
2018/9/27,80.62932587,106.9311676,108.65016940000001,71.96395874,117.6051331
2018/9/28,80.03909302,107.22610470000001,108.9147263,71.95429993,120.5373459
2018/10/1,80.71640778,105.3680649,108.8755264,72.65992737,118.2088165
2018/10/2,80.80349731,105.7023087,108.34642029999999,72.83391571,118.24714660000001
2018/10/3,80.73575592,106.18402859999999,108.1994629,72.60192871,117.844696
2018/10/4,80.89057159,105.81044009999998,106.2888565,73.18190002,117.53804779999999
2018/10/5,80.48418427,106.3511581,105.71076200000002,72.35061646,117.74885559999998
2018/10/8,80.82283783,105.4761963,104.66237640000001,72.95957947,120.11572269999999
2018/10/9,80.58094788,105.9874039,104.3096466,72.89191437,120.70024109999999
2018/10/10,78.82569885,101.0915985,102.19328309999999,70.83303833,119.5024338
2018/10/11,77.44483948,99.45964813,100.04751590000001,68.90948486,114.78787990000001
2018/10/12,77.38648224,100.64920040000001,100.4590225,68.87081909,115.02745060000001
2018/10/15,76.82247925,99.50881958,99.8515625,68.42618561,116.00485230000001
2018/10/16,78.11582184,103.0479507,102.0365067,69.47977448,118.2950592
2018/10/17,78.67984009,103.0971146,102.996727,69.70211029,117.4518051
2018/10/18,77.84353638,102.3106384,101.3310547,69.26714325,116.70437620000001
2018/10/19,78.24222565,101.996048,98.66600037,70.24341583,117.308075
2018/10/22,78.12554169,102.18283079999999,100.3414459,70.29174805,115.5257416
2018/10/23,77.88243103,101.4160309,100.1356888,69.93408966,117.3847275
2018/10/24,75.05264282,98.99759674,97.91155243,68.96749115,118.0938263
2018/10/25,79.46750641,101.18006899999999,99.98873138,70.53338623,119.45453640000001
2018/10/26,79.69116211,99.65628052,98.57781982,71.5579834,116.0336075
2018/10/29,80.08985138,97.45413971,99.26366425,71.38399506,118.04591370000001
2018/10/30,81.86941528,101.868248,99.49882507,71.8286438,118.77417759999999
2018/10/31,82.41398621,102.340126,100.4002457,71.53866577,117.1260071
2018/11/1,82.24867249,102.1926575,101.07630920000001,72.10896301,117.1835022
2018/11/2,82.17087555,101.89774320000001,100.68439479999999,72.17662048,115.1041107
2018/11/5,83.35724640000001,102.2123184,101.3310547,72.9885788,117.47095490000001
2018/11/6,83.98933411,102.90048979999999,102.2716675,73.30755615,118.0938263
2018/11/7,84.82562256,105.5253601,103.8883438,74.39015198,120.07737730000001
2018/11/8,85.40908813,105.85959629999999,104.8975372,75.17311859,119.88573459999999
2018/11/9,85.34101868,105.65314479999999,104.8485413,75.4437561,119.26288600000001
2018/11/12,84.76728058,103.90325159999999,103.4180374,75.06678772,118.75502009999998
2018/11/13,84.11574554,103.0283051,103.8785324,74.91212463,118.1704865
2018/11/14,84.4366684,102.7431946,103.6335907,73.86818695,118.6687622
2018/11/15,84.91314697,105.0141449,105.4756165,74.78646088,116.74270630000001
2018/11/16,85.57440186,106.0365601,106.5533905,75.76274109,117.700943
2018/11/19,86.39125061,102.5760574,104.9269257,75.70474243,116.9918442
2018/11/20,83.92126465,100.7180176,103.9765244,74.57382202,115.7173767
2018/11/21,82.89047241,101.60279849999999,104.7309723,73.90685272,116.8576889
2018/11/23,82.52095032,101.514328,104.5252075,74.10984039,116.5127258
2018/11/26,83.53229523,102.62522890000001,105.62258909999998,74.29349518,117.64345549999999
2018/11/27,83.49339294,102.359787,106.32803340000001,74.36115265,117.3847275
2018/11/28,84.92288208,106.1250305,109.16947169999999,75.48242950000001,119.0329132
2018/11/29,84.76728058,104.0605392,108.22885890000002,75.42442322,117.2697372
2018/11/30,86.25510406,106.1250305,106.76895139999999,74.49648285,119.30121609999999
2018/12/3,86.64408875,107.27526090000002,108.062294,75.35676575,120.6427612
2018/12/4,84.38803101,104.3259735,106.6709747,73.56853485,118.3813095
2018/12/6,82.88076019,104.0015488,107.45734409999999,72.94654846,121.77347560000001
2018/12/7,82.4334259,102.8513489,105.5405655,72.42176819,120.901474
2018/12/10,82.23895264,103.89341740000002,106.70045470000001,72.44120026,120.50859070000001
2018/12/11,81.17899323,104.04087829999999,107.39836880000001,72.8105011,119.4257736
2018/12/12,81.6360321,104.9354935,108.44030759999998,73.32557678,116.22525790000002
2018/12/13,81.71382904,104.3734436,108.38132479999999,73.22839355,117.86384579999999
2018/12/14,80.71221924,103.131012,107.2804108,72.09133148,117.3847275
2018/12/17,79.21466827,100.63632199999999,104.813179,70.37117767,113.7913132
2018/12/18,78.74790955,100.15314479999999,104.7148743,70.79878998,115.2190933
2018/12/19,77.97967529,99.63053894,104.1545868,71.2555542,114.9316254
2018/12/20,77.11420441,97.75704956,101.4416122,70.84738159,112.51685330000001
2018/12/21,75.35409546,96.48503876,99.04319763,69.05918884,110.5237045
2018/12/24,73.43839264,94.49322509999999,97.77516937,67.04746246,105.6750031
2018/12/26,75.31520081,98.04300690000001,99.67228699,69.30214691,109.2109146
2018/12/27,76.72522736,99.41361237,100.4095078,70.25456238,109.709198
2018/12/28,76.69606018,99.40374756,100.0654755,70.47807312,110.1151047
2018/12/31,77.55180359,101.1194839,100.7142258,71.62484741,111.3714676
2019/1/2,76.8613739,100.0150909,100.4684906,69.86581421,107.63137820000001
2019/1/3,75.85977173,96.93862152,99.02352905,68.55384064,108.5205078
2019/1/4,77.71710205,100.3602219,100.8911591,70.28371429,109.631897
2019/1/7,78.05747986,100.9912949,101.29417420000001,70.07962799,110.308403
2019/1/8,78.59230804,101.7505493,102.0805435,70.39060974,112.86943049999999
2019/1/9,78.6603775,101.2673874,103.0340118,71.21668243,113.36231229999999
2019/1/10,79.21466827,102.3816223,104.046463,71.61512756,115.5561142
2019/1/11,78.91321564,102.08581540000002,104.3315277,70.65300751,116.3002625
2019/1/14,79.24383545,102.2139969,104.1939163,70.614151,115.1888733
2019/1/15,79.42860413,103.2493515,105.5897064,70.85710144,116.8704605
2019/1/16,79.7397995,102.2238541,105.2260132,71.64429474,117.80789180000001
2019/1/17,80.10931396,102.7563248,105.24567409999999,71.82894135,118.629364
2019/1/18,81.74299622,104.3635788,106.88721470000002,72.31486511,120.08867649999999
2019/1/22,80.87753296,103.8705521,106.40557859999998,71.31386566,120.20463559999999
2019/1/23,81.01367188,104.41289520000001,106.8085785,71.62484741,119.6441193
2019/1/24,80.71221924,103.6930847,100.1244507,71.44020081,119.11257930000001
2019/1/25,81.21788788,103.95929720000001,100.9009933,71.43048859,121.2000732
2019/1/28,80.77056885,102.8352127,100.24240879999999,70.92513275,122.03118899999998
2019/1/29,80.74613190000001,102.14496609999999,99.46585846,69.89496613,123.78044890000001
2019/1/30,81.8602829,104.04804229999999,99.8295517,70.83766174,125.01747890000001
2019/1/31,86.18980408,103.0718613,100.7928772,72.60641479,127.2885895
2019/2/1,88.20307922,105.70462040000001,102.0215683,74.71531677,126.2544937
2019/2/4,89.78633881,107.44992830000001,103.1126556,75.04573822,126.5444412
2019/2/5,90.00134277,108.36695859999999,104.2725525,76.25082397,125.3943939
2019/2/6,88.39854431,108.16973109999999,103.8007202,76.19252014,124.6792068
2019/2/7,87.47986603,107.15410609999999,103.3289185,75.79405975,128.2646942
2019/2/8,87.88056183,107.47949979999999,103.63361359999999,76.61040497,127.9264221
2019/2/11,88.51582336,107.57810970000001,103.25026700000001,77.64055634,129.2117767
2019/2/12,88.84811401,105.0636902,103.6434479,77.44619751,128.11004640000002
2019/2/13,89.17062378,105.3003311,103.22077940000001,77.30041504,129.9945831
2019/2/14,88.10535431,104.81716920000001,104.3904953,76.65900421,129.395401
2019/2/15,89.09244537,107.4104919,104.67556,77.59196472,130.3328247
2019/2/19,89.45404816,107.1935577,104.46913909999999,78.10705566,131.1349792
2019/2/20,89.86451721,105.56656650000001,103.574646,78.22367859,130.4391479
2019/2/21,90.00134277,105.62572479999999,103.2011108,78.36945343,130.9416962
2019/2/22,90.45091248,105.59615330000001,103.3977127,78.33056641,132.13040159999997
2019/2/25,90.48022461,105.3003311,103.6729431,78.07788849,131.4539032
2019/2/26,90.47046661,105.3200455,103.63361359999999,77.64055634,131.5505371
2019/2/27,90.69525146,105.7144699,103.5648117,78.25282288,130.4197998
2019/2/28,90.9102478,106.64137269999999,103.70242309999999,78.4384613,131.32827759999998
2019/3/1,90.78320313,106.87801359999999,104.233223,78.47754669,131.3475952
2019/3/4,90.52909851,105.82293700000001,103.1323013,77.79360199,132.3623352
2019/3/5,89.29768372,105.398941,102.6015167,78.16488647,132.7875671
2019/3/6,89.12176514,105.11299129999999,101.8642883,77.07057953,132.9325256
2019/3/7,87.80237579,104.1762314,101.4599152,76.44526672,132.111084
2019/3/8,87.54827118,104.235405,98.60952759,76.12284088,132.9808655
2019/3/11,88.72105408,105.5468445,98.76732635,77.22691345,134.7107697
2019/3/12,89.31721497,105.87224579999999,98.82650757,77.25622559,135.44525149999998
2019/3/13,89.64950562,106.09902949999999,99.18157196,77.24645233,136.5953064
2019/3/14,90.39226532,106.62335209999999,100.2664948,77.76428986,137.0978394
2019/3/15,91.17412567,107.7115402,99.49717712,78.4384613,135.8028412
2019/3/18,90.87116241,106.9597015,100.1678696,77.70565796,135.5129089
2019/3/19,90.58774567,105.4560165,99.87197876,77.41255951,135.0006866
2019/3/20,90.08930969,105.6044006,99.10266876,76.03490448,135.5805511
2019/3/21,90.96888733,108.97781370000001,100.305954,77.09012604,137.66802980000003
2019/3/22,89.98179626,109.22512820000001,99.08293915,77.07057953,136.96253969999998
2019/3/25,90.15772247,107.2564774,97.74158478,76.7970047,136.9142303
2019/3/26,90.59751129,108.7304993,98.61938477,76.88494873,139.00172419999998
2019/3/27,89.923172,108.78984070000001,97.98815918,76.42572784,138.1125946
2019/3/28,90.82229614,109.9868622,98.08678436,75.36071777,139.3678284
2019/3/29,91.77030182,111.88624569999999,98.29391479,76.30847168,138.7158966
2019/4/1,92.65964508,112.5589523,98.32350159,77.21714783,137.7233887
2019/4/2,92.31759644,112.89531709999999,98.75746155,76.76769257,139.3678284
2019/4/3,92.49350739,113.6966248,101.07525629999999,76.57228088,139.6597137
2019/4/4,92.40555573,112.80627439999999,98.63912201,76.86540222,139.2705231
2019/4/5,91.87779236,112.1731415,99.59580994,76.50388336,140.0878754
2019/4/8,91.4673233,112.43035890000002,99.54650116,76.17168427,139.75701899999999
2019/4/9,90.99121857,112.5391693,99.96074677,76.19123077,139.260788
2019/4/10,91.41333008,111.1739731,100.1678696,76.7970047,139.96138
2019/4/11,91.91397858,111.68840790000002,100.5130692,77.84244537,139.6305237
2019/4/12,92.93492889,111.94561770000001,100.86812590000001,78.67295837,140.4576111
2019/4/15,93.14108276,111.92581940000001,100.84840390000001,78.7609024,139.7862396
2019/4/16,93.77915955,110.38256840000001,100.3749771,79.04424286,135.46594240000002
2019/4/17,92.67969513,109.90771480000001,98.82650757,78.41893005,132.7219696
2019/4/18,92.00233459,109.69997409999999,98.73774719,78.57525635,134.921051
2019/4/22,91.63912201,111.005806,98.48130798,78.34075928,133.8020477
2019/4/23,93.05273438,111.58947749999999,99.49717712,79.70864105,136.750351
2019/4/24,92.89566040000001,110.83763119999999,99.08293915,80.17762756,138.38507080000002
2019/4/25,92.18885803,110.3528976,98.15582275,80.89089203,138.53100590000003
2019/4/26,91.92379761,109.7098618,99.59580994,81.24263763,139.45538330000002
2019/4/29,91.59003448,110.34299469999999,99.43801117,81.04721069,137.0908966
2019/4/30,92.56189728,114.6858902,99.57609558,81.70185852,138.5504608
2019/5/1,90.8046875,113.9835129,99.39855194,80.43167114,138.1612701
2019/5/2,91.43296814,116.53581240000001,97.88952637,80.98859406,137.1201019
2019/5/3,92.15940094,116.4962463,97.79090118,81.22309875,138.4629059
2019/5/6,92.27720642,116.0609665,97.03144836,81.64322662,138.0444794
2019/5/7,91.56058502,114.6463165,96.20297241,80.37304688,135.7481079
2019/5/8,91.93362427,114.893631,96.20297241,80.79318237,136.0108643
2019/5/9,92.2183075,114.6265259,95.54216003,80.33396149,137.0033417
2019/5/10,94.35835266,115.4674149,95.8577652,81.55529785,138.88128659999998
2019/5/13,92.96437073,114.21102909999999,94.04298401,80.07015228,138.842392
2019/5/14,93.16070557,115.66526029999999,94.50655365,80.58800507,139.9711151
2019/5/15,92.99382782,115.99172209999999,94.72353363,80.81272125,141.6155396
2019/5/16,93.95586395,117.8218689,95.25613403,81.86795044,142.5301666
2019/5/17,94.03439331,117.4558334,94.48682404,81.43804932,142.3550262
2019/5/20,94.14239502,117.0502396,93.76682281,81.37942505,140.9149628
2019/5/21,95.36946869,119.1178131,94.34873962,81.92656708,142.11178590000003
2019/5/22,95.50691223,119.70147709999999,94.81229401,82.84500885,141.6349792
2019/5/23,94.42707825,119.1178131,93.88518524,82.21968842,140.1657104
2019/5/24,93.63191223,117.46573640000001,93.35258484,82.34671021,141.4209137
2019/5/28,93.1214447,118.06918329999999,93.68792725,81.98519897,140.92468259999998
2019/5/29,93.75953674,117.7921906,93.09614563,82.11222076,140.2727509
2019/5/30,94.0736618,118.2670517,93.44135284,82.54212189,141.6155396
2019/5/31,93.84788513,119.00899509999999,92.82984924,82.26854706,142.46206669999998
2019/6/3,94.68230438,115.3190155,92.19863129,83.61688995,143.29887390000002
2019/6/4,95.18296051,118.9496307,93.06656647,83.90023804,143.1626434
2019/6/5,96.46894073,120.4830017,93.62874603,85.74689484,146.5780029
2019/6/6,97.17575073,120.2653656,94.40090179,85.72724915,146.5974884
2019/6/7,97.36226654,121.2249527,94.89586639,86.19854736,146.6363831
2019/6/10,97.38189697,120.97763059999998,95.0146637,86.22799683,146.2666321
2019/6/11,96.6750946,120.384079,94.87606049,85.86470795,146.95748899999998
2019/6/12,96.37077332,119.6520081,95.56903076,86.11998749,147.9013519
2019/6/13,96.21372223,119.8901215,95.77692413,85.54068756,148.64082340000002
2019/6/14,96.38059998,120.44572450000001,95.81651306,86.11016846,147.2202301
2019/6/17,95.28111267,120.5746994,96.13330078,84.72573853,145.1379089
2019/6/18,95.40874481,121.65613559999998,96.71735382,84.48027802,144.72924799999998
2019/6/19,96.10572815,122.3208618,97.94490051,85.21666718,145.51741030000002
2019/6/20,95.68360901,122.90623470000001,98.38046265,85.9138031,145.887146
2019/6/21,95.24184418,121.73550420000001,98.78633881,84.97120667,141.3625488
2019/6/24,96.28242493,120.2671432,98.57846069,85.40323639,141.6933746
2019/6/25,96.80271912,120.30683140000001,97.17274475,84.63736725,138.33639530000002
2019/6/26,95.78177643,120.3167419,96.42037964,83.09583282,135.1643219
2019/6/27,97.50951385,120.38619229999999,96.73715973,84.38208008,137.2714996
2019/6/28,97.92182159,121.71566770000001,97.15293884,86.00216675,138.2809906
2019/7/1,98.98203278,123.59079740000001,97.39051819,87.81863403,140.3391876
2019/7/2,100.1993027,123.9281387,98.29137421,88.69250488,141.3976898
2019/7/3,101.0337219,125.62469479999999,98.68734741,89.74311066,142.8972168
2019/7/5,100.8668365,125.80327609999999,98.82594299,88.94777679,142.11315919999998
2019/7/8,100.1305847,125.8330383,97.98448944,88.73177338,142.8384247
2019/7/9,100.16003420000001,126.0017014,97.96469116,89.11470795,145.0338287
2019/7/10,100.2734375,125.92233279999999,98.63784790000001,89.21289063,145.9551086
2019/7/11,100.49037170000001,126.81525420000001,98.68734741,89.72346497,142.3483734
2019/7/12,101.3778305,128.3431549,99.82577515,90.16530609,142.79920959999998
2019/7/15,101.5849075,129.3352966,100.5088348,90.54824066,142.4365845
2019/7/16,101.1608963,128.6904144,99.8356781,90.5187912,140.19216919999997
2019/7/17,99.75082397,129.57341,99.55849457,90.28313446,140.14317319999998
2019/7/18,100.1452484,130.2976837,100.70683290000001,90.38131714,140.9860535
2019/7/19,99.19861603,128.7201843,100.19206240000001,90.14566803,138.7612457
2019/7/22,99.57332611,130.0595398,100.5187378,89.5958252,138.0849762
2019/7/23,100.05650329999999,130.0297852,99.86537933,90.28313446,139.5551147
2019/7/24,100.65799709999999,129.09716799999998,99.70698547,90.69552612,140.0157623
2019/7/25,100.3227386,131.4386139,94.11381531,90.18494415,140.2117767
2019/7/26,101.02284240000002,134.5440216,94.62857819,90.65625,140.60382080000002
2019/7/29,101.6933746,135.635376,94.35139465,90.33222961,141.2800751
2019/7/30,99.05070496,132.6391144,94.17321014,90.14566803,145.0730286
2019/7/31,97.42369843,132.2025757,93.29216003,88.79068756,143.4460602
2019/8/1,97.23634338,130.1786194,93.30206299,88.3390274,142.642395
2019/8/2,97.55187988,129.1368561,92.59921265,88.44702911,141.9857178
2019/8/5,94.39646149,124.95995330000001,91.10438538,84.88283539,139.82952880000002
2019/8/6,96.29957581,129.8908844,90.68862152,86.95458221,141.407486
2019/8/7,95.69807434,133.4229126,90.48072815,86.72875977,141.4858856
2019/8/8,98.27172089,135.31790159999997,91.49047089,88.56485748,143.5342865
2019/8/9,97.89700317,135.4270325,91.05490112,88.78086853,142.42678830000003
2019/8/12,96.29957581,131.42871090000003,90.30254364,87.12151337,140.0059662
2019/8/13,97.83784485,133.7899933,91.37167358,88.38811493,141.3878784
2019/8/14,94.79087829999999,129.652771,90.3718338,86.32618713,140.3097839
2019/8/15,95.31350708,133.879303,90.5896225,86.89568329,142.2699738
2019/8/16,96.41790009,137.2227936,91.51026917,88.09355164,145.1514435
2019/8/19,97.23634338,137.798233,91.57956696,88.8986969,145.9844971
2019/8/20,95.85584259,138.5224915,90.96580505,87.93645477,144.8966217
2019/8/21,96.4376297,137.1136627,91.77754974,88.82013702,145.5924835
2019/8/22,96.80246735,136.88548280000003,92.00524139,89.22271729,146.4353638
2019/8/23,94.32743835,133.4129791,90.54012299,86.41455841,143.906723
2019/8/26,95.62905121,134.58370969999999,91.26277924,86.78767395,144.308548
2019/8/27,96.20095825,135.65522769999998,91.48057556,86.44400787,143.328476
2019/8/28,96.37845612,135.9330139,91.19348907,86.3065567,144.475174
2019/8/29,97.81811523,136.25050349999998,91.82705688,87.17060089,146.40596010000002
2019/8/30,98.49851227,135.1492462,92.04483795,89.06560516,146.8567963
2019/9/3,97.42369843,135.49650569999997,91.96564484,88.03466034,147.0038147
2019/9/4,98.57739258,136.6374359,92.23292542,88.38811493,149.5520477
2019/9/5,99.64235687,137.9569855,93.75325012,88.52624512,149.16000369999998
2019/9/6,99.50431061,136.5878296,93.81287384,89.28591156,150.0616913
2019/9/9,98.47879028,132.7879333,94.36933136,88.66436768,149.5128326
2019/9/10,96.71372223,130.3274231,95.15433502,86.89837646,148.59155269999997
2019/9/11,97.35467529,130.2579803,95.88964844,86.77011108,149.2972107
2019/9/12,98.29143524,132.7449799,95.91945648,86.63199615,150.3263245
2019/9/13,98.44920349,130.19830320000003,95.34313202,85.81314087,148.5033569
2019/9/16,98.63656616,132.36694340000003,96.02876282,86.38535309,150.1107025
2019/9/17,100.0466385,133.7099152,95.11457825,88.43745422,150.8555603
2019/9/18,100.2044144,132.1978149,96.10826111,88.67422485,149.9734955
2019/9/19,100.815773,133.2025604,95.83995819,88.26972961,150.97315980000002
2019/9/20,99.49443817,131.1234589,96.35668182,87.6087265,150.3851318
2019/9/23,99.71138,130.8349762,95.64123535,87.20422363,150.48312380000002
2019/9/24,99.1295929,132.20777890000002,94.55812836,87.6481781,150.1008759
2019/9/25,98.991539,132.8344879,95.36299896,87.74684143,150.4635315
2019/9/26,98.87321472,132.7250671,95.23381805,88.5953064,152.13948059999998
2019/9/27,98.37032318,129.9993439,95.20401001,87.61859131,151.03466799999998
2019/9/30,98.65628052,132.0684967,95.90952301,88.36839294,151.9520416
2019/10/1,96.93067169,130.5763245,95.42262268,86.76026154,151.06425480000001
2019/10/2,94.74158478,128.70611570000003,94.5779953,85.17185974,149.84106450000002
2019/10/3,95.19517517,129.20352169999998,95.08477783,85.94139099,152.0506897
2019/10/4,96.98982239,130.7255402,95.89958954,87.82576752,152.701767
2019/10/7,96.26999664,129.8899231,96.1877594,87.37193298,152.2578583
2019/10/8,93.92314148,128.8553314,95.17420197,85.59609222,151.0248108
2019/10/9,94.28799438,130.944397,95.9790802,86.14857483,151.7646332
2019/10/10,95.34318542,130.85484309999998,96.34674072,86.29656219,152.04084780000002
2019/10/11,96.19524384,131.3423157,97.59877014,86.79972076,151.88301090000002
2019/10/14,96.22497559,132.0486145,97.66832733,87.0069046,151.7843628
2019/10/15,96.77980804,132.11824040000002,98.82099152,87.33248138,151.20234680000002
2019/10/16,97.29501343,131.0737,99.29795837,87.61859131,153.16539
2019/10/17,97.54271698,129.8501282,100.1525116,88.03295135,153.204834
2019/10/18,98.13719177,127.66158290000001,100.8778915,88.34866333,153.89534
2019/10/21,98.8208313,128.15898130000002,102.53733829999999,89.11819458,155.4144745
2019/10/22,98.13719177,124.7866364,103.4415817,88.47691345,155.01004030000001
2019/10/23,98.07774353,126.3086624,103.0142975,88.94060516,155.592041
2019/10/24,97.7904129,128.5370026,107.0883636,89.98638916,157.00267030000003
2019/10/25,96.67082977,128.6464233,104.97183989999999,88.24999237,156.1049957
2019/10/28,96.96807098,129.5417328,106.1940689,88.49664307,156.7264709
2019/10/29,101.1491699,130.059021,106.4921646,88.73342896,154.19128419999998
2019/10/30,102.57590479999999,131.27267460000002,108.1317291,90.045578,156.904007
2019/10/31,102.6650772,131.0737,108.1714783,89.99625397,156.5982056
2019/11/1,103.30908199999999,133.45126340000002,108.8471756,90.2922287,156.2726898
2019/11/4,101.7436447,130.3176727,108.5590057,89.40429688,155.0692291
2019/11/5,100.762764,131.5014801,108.10192109999998,88.77289581,152.97796630000002
2019/11/6,102.4966354,130.20823670000001,108.8968582,90.41062164,152.908905
2019/11/7,102.23904420000001,131.6606598,109.4135666,89.82854462,151.7942352
2019/11/8,102.357933,130.0092926,110.02964779999999,89.92720032,151.823822
2019/11/11,102.4570084,131.6705933,110.6059723,90.26262665,153.027298
2019/11/12,103.1901932,131.9292297,110.7252197,90.26262665,152.63270569999997
2019/11/13,104.0224457,133.1229858,111.2319946,90.88417816,154.47735600000001
2019/11/14,104.36921690000001,134.7942352,110.6854706,91.06176758,155.3256989
2019/11/15,104.5277481,135.1125793,111.8778763,90.70659637,156.608078
2019/11/18,105.2609253,136.3262024,111.83814240000001,90.54873657,157.32818600000002
2019/11/19,106.19226840000002,136.94297790000002,112.61320500000001,91.1900177,157.1802216
2019/11/20,106.1724548,136.75396730000003,112.20579529999999,91.85102844,157.8608704
2019/11/21,106.13282009999999,135.7591858,112.52376559999999,90.86444855,156.8546906
2019/11/22,106.93535609999999,134.7544556,113.03054809999999,90.50927734,157.50573730000002
2019/11/25,107.00470729999999,136.1670532,113.31871029999999,90.6375351,158.6302795
2019/11/26,107.1830521,136.82359309999998,113.2491531,91.28868103,159.05445859999998
2019/11/27,107.3514862,137.7089691,112.802002,92.04834747,160.10995480000003
2019/11/29,107.0740662,137.4304199,112.09648899999999,92.01874542,160.3171234
2019/12/2,105.94457240000001,135.0329895,111.20218659999999,90.9927063,157.4465485
2019/12/3,105.05286409999998,135.51048280000003,110.5165482,90.12451172,159.0939331
2019/12/4,106.13282009999999,135.0329895,110.16876979999999,91.3380127,157.9003296
2019/12/5,106.38051609999998,136.2167664,110.4279327,92.08139801,158.88677980000003
2019/12/6,107.25240330000001,137.8582001,110.2684479,92.92391205,159.7449799
2019/12/9,107.3415756,136.24662780000003,109.97937009999998,93.32038879,160.19873049999998
2019/12/10,107.6982574,134.8240814,109.33142849999999,93.05276489,159.8436127
2019/12/11,107.96577450000001,134.7942352,109.10215759999998,93.60783386,156.92373659999998
2019/12/12,109.26369479999998,136.37007140000003,109.9494629,93.78624725,154.7239838
2019/12/13,109.5213013,137.8262329,109.99929809999999,93.61774445,154.3491211
2019/12/16,110.6210709,136.6493378,111.34500890000001,94.18271637,154.250473
2019/12/17,111.0173874,137.49710080000003,110.85656740000002,94.82698822,152.8003998
2019/12/18,110.5021744,137.34750369999998,110.9163742,93.59792328,155.9964905
2019/12/19,111.17591090000002,137.71652219999999,111.4646301,94.47016144,157.653717
2019/12/20,111.2848969,138.4346313,110.7070389,94.57919312,157.08157350000002
2019/12/23,110.25447849999999,137.8461914,109.80990600000001,93.42942047,157.0519867
2019/12/24,110.5418091,137.5170593,110.3182831,93.72676849,157.92991640000002
2019/12/26,110.8093185,138.33488459999998,110.9064102,93.71686554,157.8608704
2019/12/27,110.9975662,139.3821259,110.4379044,93.91510009999999,158.22584530000003
2019/12/30,110.79940800000001,138.23515319999998,110.00926969999999,94.06378174,158.5236969
2019/12/31,110.3832855,138.7238617,110.547554,94.39086914,160.4199829
2020/1/2,111.0173874,139.531723,111.31510159999998,94.66840363,158.58326719999997
2020/1/3,110.84894560000001,138.65405269999997,111.4646301,94.47016144,159.4867401
2020/1/6,110.8786774,139.980545,112.65084840000002,94.90628815,159.8739319
2020/1/7,110.5418091,137.8262329,112.05275729999998,93.88536835,154.64176940000002
2020/1/8,110.21484380000001,139.85089109999998,113.398468,94.01421356,156.69691469999998
2020/1/9,110.9975662,142.5437775,113.68754579999998,94.9360199,156.14093019999999
2020/1/10,110.6706085,141.5663605,113.3785248,94.59902191,157.4315948
2020/1/13,110.96784209999998,142.3542786,114.7740784,94.5296402,159.6257324
2020/1/14,110.4823608,142.0750122,114.5946503,94.25209808,159.3080292
2020/1/15,111.17591090000002,144.0996704,114.94353490000002,94.96575165,161.1248779
2020/1/16,111.78028870000001,145.8550415,116.5085449,95.2036438,162.6339722
2020/1/17,113.0980301,146.70280459999998,116.8474655,95.60012054,161.7304993
2020/1/21,112.9097824,147.2313995,117.4754639,95.34240723,163.61686709999998
2020/1/22,112.56301119999999,148.1988525,118.7813034,95.42170715,162.10777280000002
2020/1/23,113.17729950000002,148.6177368,128.0716858,96.13536072,164.2224884
2020/1/24,112.82061000000002,147.5306091,127.8523788,96.00650787,163.47787480000002
2020/1/27,111.9586258,146.0046387,126.4967041,95.34240723,162.61410519999998
2020/1/28,114.54010770000001,147.5705261,125.15100100000001,97.50320435,163.19989009999998
2020/1/29,115.33594509999999,147.7001648,122.619072,97.94923401,163.3388824
2020/1/30,114.00292209999999,147.1117249,122.1505585,99.31707001,163.2991638
2020/1/31,111.2771988,143.28182980000003,120.83475490000001,101.66619109999999,162.02835080000003
2020/2/3,112.85890959999999,145.366333,122.2801437,103.34130859999999,163.6268005
2020/2/4,114.13224790000001,147.0319366,123.0975418,103.77741999999999,166.5853882
2020/2/5,116.0820389,145.73535159999997,122.35989380000001,104.1540756,166.7243958
2020/2/6,115.843277,146.95214840000003,121.8415527,104.1937256,166.63504030000001
2020/2/7,116.0720825,146.0744629,120.6952057,104.0054016,166.34712219999997
2020/2/10,116.95745090000001,149.5851898,121.43284609999999,105.83909609999999,169.3454437
2020/2/11,117.5344315,149.11642460000002,121.23348999999999,106.45363619999999,170.4176788
2020/2/12,118.13130190000001,147.5705261,121.652153,105.71023559999999,172.1650543
2020/2/13,118.74806979999998,153.91377260000002,122.60910030000001,107.246582,172.3338318
2020/2/14,118.16114040000001,157.0255585,121.6421814,108.1981277,173.67413330000002
2020/2/18,118.827652,155.2402649,123.1174774,107.5538483,172.6018982
2020/2/19,117.86270900000001,156.875946,121.8614807,107.8214722,167.9753571
2020/2/20,116.47000120000001,156.36729430000003,119.1900024,107.21684270000002,167.508728
2020/2/21,115.74380490000001,154.5221558,115.71109009999998,106.87984469999999,166.7740326
2020/2/24,112.73954009999999,150.32324219999998,111.5842514,105.2741165,165.5429382
2020/2/25,110.53110500000001,144.2792053,108.30470279999999,102.9547348,162.4751129
2020/2/26,112.0033875,143.5211945,106.4605865,102.9249954,161.9092102
2020/2/27,106.32314299999999,138.50444030000003,102.64275359999999,98.20694733,153.56951899999999
2020/2/28,104.01522829999999,139.3522034,103.0614166,96.63095093,150.7896271
2020/3/2,107.447258,148.2187958,108.434288,102.59790799999999,154.4630585
2020/3/3,105.9650192,142.7133331,106.0618591,99.80275726,156.61747739999998
2020/3/4,110.02375790000002,149.5353241,109.77999879999999,105.2741165,162.2666321
2020/3/5,106.0048065,142.37422180000002,116.45999909999999,101.6408844,159.7845764
2020/3/6,105.11944579999998,139.5417023,117.9100037,100.3767166,157.9180756
2020/3/9,99.35961151,129.6976776,115.9499969,93.70750427,147.235321
2020/3/10,102.552887,140.5290985,114.77999879999999,97.11178589,155.9920044
2020/3/11,98.43445587,132.6100006,114.8000031,94.54364777,150.3031464
2020/3/12,92.51545715,118.45999909999999,105.0599976,85.77411652,135.41082759999998
2020/3/13,98.12607574,129.8999939,113.66999820000001,89.64624023,146.6793518
2020/3/16,87.40224457,108.34999850000001,110.7399979,79.4831543,121.43190770000001
2020/3/17,91.42119598,113.95999909999999,127.45999909999999,85.06737518,134.2095032
2020/3/18,80.38896942,102.94000240000001,130.5,72.10720062,131.99552920000002
2020/3/19,78.61824799,105.2300034,125.3099976,68.23506927,131.05235290000002
2020/3/20,79.45387268,102.8199997,119.33000179999999,71.25115204,122.42472839999999
2020/3/23,76.29044342,102.4499969,121.59999850000001,67.92649078,114.0949631
2020/3/24,86.47708893,119.1600037,122.0,76.91500092,128.5802155
2020/3/25,86.40744781,120.3700027,126.6600037,76.85527802,132.4422913
2020/3/26,85.41265869,123.6399994,137.8099976,80.40888214,140.7819977
2020/3/27,85.00479126,120.09999850000001,140.03999330000002,79.80168152,142.4400024
2020/3/30,89.08343506,125.29000090000001,145.91000369999998,82.83766937,144.6499939
2020/3/31,86.00953674,121.6399994,141.5500031,81.13552856,137.0599976
2020/4/1,81.59266663,114.5599976,139.1399994,76.64624786,131.2400055
2020/4/2,82.31886292,117.1100006,142.5200043,78.39816284,131.38000490000002
2020/4/3,79.48371124,115.22000120000001,141.33000180000002,75.90964508,129.9900055
2020/4/6,86.875,123.0199966,147.1399994,81.83230591,137.67999269999999
2020/4/7,87.40000153,120.1399994,145.8000031,81.90198517,138.2700043
2020/4/8,93.61000061,124.7699966,146.82000730000001,84.64930725,147.4400024
2020/4/9,96.61000061,125.1200027,139.3999939,86.44103241,157.8000031
2020/4/13,95.01999664,123.59999850000001,139.9900055,83.18605804,147.3500061
2020/4/14,99.44000244,123.79000090000001,143.7599945,86.14241791,155.3600006
2020/4/15,96.30000305,120.1600037,145.08999630000002,83.26569366,152.0099945
2020/4/16,97.22000122,122.9899979,150.5599976,80.4188385,152.07000730000001
2020/4/17,98.54000092,127.95999909999999,150.41000369999998,83.21591949,155.3099976
2020/4/20,95.76000214,122.6200027,150.66999819999998,80.40888214,150.9900055
2020/4/21,92.69999695,117.47000120000001,146.6399994,77.18376923,147.3999939
2020/4/22,94.08000183,122.5500031,151.6900024,77.23352814,150.9400024
2020/4/23,92.58999634,121.1800003,141.5599976,74.47626495,147.96000669999998
2020/4/24,93.29000092,125.7300034,146.03999330000002,74.9341507,149.4900055
2020/4/27,94.69999695,127.6399994,147.4799957,77.02449799,150.77999880000002
2020/4/28,93.26000214,129.13000490000002,141.1900024,76.86523438,152.16999819999998
2020/4/29,94.62000275,134.28999330000002,139.9799957,79.30397797,156.36999509999998
2020/4/30,97.33000183,131.8899994,145.0099945,78.13935852,157.08999630000002
2020/5/1,97.09999847,129.2899933,142.58000180000002,77.15390778,150.9900055
2020/5/4,98.73999786,128.5800018,146.32000730000001,79.77182007,149.58000180000002
2020/5/5,100.2600021,131.9499969,146.58000180000002,82.74807739,152.9499969
2020/5/6,98.87999725,131.9100037,147.72000119999998,80.08039093,151.16999819999998
2020/5/7,101.6500015,129.4400024,150.67999269999999,84.98774719,151.4900055
2020/5/8,103.98000340000002,128.2299957,150.9799957,86.00305939,152.0
2020/5/11,104.0899963,128.2400055,154.0200043,86.46094513,151.8000031
2020/5/12,104.3000031,127.9100037,146.83999630000002,86.6301651,148.1999969
2020/5/13,105.09999850000001,127.4899979,146.5099945,85.43568420000001,143.46000669999998
2020/5/14,106.09999850000001,129.7700043,146.0599976,86.09264374,140.52999880000002
2020/5/15,104.4700012,132.2200012,146.72000119999998,86.82925415,141.42999269999999
2020/5/18,107.0,136.33999630000002,139.8899994,89.88514709,145.3600006
2020/5/19,105.52999879999999,135.4400024,137.16999819999998,89.80551147,145.3099976
2020/5/20,103.98000340000002,138.1100006,137.4400024,90.27335358,146.22000119999998
2020/5/21,104.54000090000001,136.5,136.7299957,90.58192444,145.42999269999999
2020/5/22,104.5,136.16000369999998,137.03999330000002,90.68146515,146.9900055
2020/5/26,105.75,136.6000061,138.9499969,91.95558167,150.5200043
2020/5/27,105.95999909999999,138.02999880000002,139.21000669999998,93.38896942,151.4499969
2020/5/28,106.5899963,138.36999509999998,141.1900024,93.56814575,155.1399994
2020/5/29,105.91999820000001,138.83000180000002,148.11999509999998,93.84685516,153.72000119999998
2020/6/1,106.6999969,138.86999509999998,146.6499939,94.02603149,154.1000061
2020/6/2,108.0199966,138.96000669999998,143.86999509999998,95.06125641,154.96000669999998
2020/6/3,109.2300034,139.57000730000001,139.57000730000001,97.49999237,154.72000119999998
2020/6/4,108.72000120000001,136.2700043,139.92999269999999,98.19999695,151.13000490000002
