,MMC,FIS,CTXS,AJG,ARE
0,0.04595047148806952,0.04293029001331572,0.14605322359798756,0.06023767411007064,0.18016299969441962
1,0.05338841506294967,0.047145556148797785,0.138437488242662,0.06191106425079773,0.19285507661127466
2,0.04247922273852367,0.03483237049845589,0.14384230246170648,0.05004582947899561,0.1865605949407556
3,0.03570261498263949,0.03494321160378999,0.10625400053349487,0.037572427520831564,0.1559145236043218
4,0.023305834088922284,0.023184633258169884,0.09089935043814334,0.03133579170842049,0.14363507955656485
5,0.010578454850317609,0.0321699067598733,0.08094957470348474,0.021600350152392922,0.13259415909650718
6,0.018677734062087614,0.04381768860314228,0.10453435511084397,0.02494699992946403,0.12268855936541712
7,0.011405055059452218,0.03416674332526337,0.06129572107519188,0.011560857329958152,0.09936837342343285
8,0.03355362102974191,0.047256620503183355,0.06264690963390052,0.022208843685232793,0.09658225325231251
9,0.011074317767450048,0.026845202648827726,0.049380481950999866,0.0208398961530204,0.08781152795263014
10,0.010082730880299762,0.0296184627726932,0.046555345968103734,0.014450843365298227,0.08997852013725771
11,0.0,0.020522124916604212,0.05183716106995384,0.008670545119181416,0.04952906993341555
12,0.0009978389609893723,0.022297100742325937,0.038570913497120385,0.007757935153263618,0.049219818488879796
13,0.017626752109252575,0.03782744675900662,0.06338394348764265,0.021448259352518484,0.06861856353077633
14,0.0056539345550919995,0.031171577741678336,0.046309527843782394,0.00973544172706875,0.060054333231473245
15,0.011640273949668156,0.044372474671000806,0.07259668536855923,0.01688481800978059,0.07243671228921711
16,0.006485397731132325,0.03072790086532473,0.04446700358723399,0.0126255580957505,0.063665808306689
17,0.009478358825642075,0.024071942524962364,0.07652743219499736,0.0,0.062014919698636706
18,0.03492096061401273,0.04093349805090862,0.10048078943471772,0.021296168552643935,0.07769925465533079
19,0.033922982705908766,0.05136100081328021,0.10588554366955272,0.024186284921325685,0.06707096706437121
20,0.018624313176012763,0.038603870317482025,0.04901196510284822,0.01901434987470707,0.047568840480896823
21,0.026772636895012747,0.04004605485809898,0.07136825583276818,0.03498655791856975,0.04694971261141967
22,0.04888896968419787,0.04559257510582981,0.05969877453381012,0.03711608995453719,0.0542758658546143
23,0.05687105638325707,0.02773269056168859,0.020513766315932602,0.031640038474840315,0.050561277086566214
24,0.06269136708751089,0.0,0.01093250742942542,0.02951037593449002,0.030543046926516437
25,0.06734711540488014,0.020965980556094554,0.0006142148466150577,0.024034194121451358,0.004643235813790891
26,0.07117188695216359,0.015086624420275863,0.0,0.026772415532353544,0.012382289774828803
27,0.06185969558185189,0.004437082272167547,0.0012283695515817872,0.024034194121451358,0.0
28,0.08065052385414118,0.016972351911229255,0.024935908824419872,0.03422597341481437,0.0020636107600653375
29,0.08763456308048578,0.028952925039603006,0.04164180746268953,0.041983973734748825,0.02424865453891245
30,0.10210163066933331,0.03882582038018456,0.08524895834649326,0.04791636278073996,0.02775674830658159
31,0.10426347622874899,0.0347213507470534,0.07701882803448545,0.052936076523101394,0.03209082207576741
32,0.10110413898507731,0.04071168191422336,0.08598593205858696,0.04852498698900376,0.03425781426039487
33,0.10509500860518683,0.04381768860314228,0.0934790286742917,0.056130635500297954,0.04798165191582493
34,0.09744560445773476,0.03261367307632934,0.07959838614477588,0.05035014158312745,0.04798165191582493
35,0.10343201323481499,0.03483237049845589,0.08967110101241949,0.051871375757309046,0.04798165191582493
36,0.10858702840046552,0.044372474671000806,0.11460700983683914,0.05734749240367687,0.07068253153951776
37,0.10426347622874899,0.03827121307546266,0.11374721727505743,0.05810801156972023,0.07315886445159614
38,0.09678037848374188,0.024515708841418293,0.10281464970398368,0.054913582925865345,0.07749267037203655
39,0.11407458698850204,0.043928574311459356,0.15723148916752472,0.0664744402558235,0.09947148699924968
40,0.1099173414013368,0.0430412204416839,0.1443336383169851,0.0677028458563631,0.09792353340118432
41,0.10842072181591411,0.04758936706823691,0.14335084648057006,0.07353762532079333,0.11433037765191767
42,0.11274413504051617,0.05291402645923127,0.14887853984838983,0.07829785153716584,0.12402983939727341
43,0.10742302180203933,0.04470508719296906,0.1596881682864787,0.08106191093443049,0.12093420004988764
44,0.10326577621487398,0.03483237049845589,0.14347372562934535,0.07645540639511594,0.11794194201004848
45,0.10775549584192123,0.044150569211281354,0.1569857911690612,0.07967997915684566,0.1238234336798093
46,0.10808817839352813,0.06123398547689596,0.16472446565737153,0.08612918967593486,0.12702209743711257
47,0.1248836062738552,0.07510019677318902,0.1743057845280882,0.1028662883550654,0.14188098808978056
48,0.12638022585927788,0.07498931106487194,0.17872786705236599,0.10056293816436057,0.14559575530664326
49,0.13153489374819494,0.07376403024526357,0.18032493371960545,0.10394116760751859,0.1581844509159518
50,0.12787656755047128,0.07743991730707156,0.18167606213666587,0.10854773731350409,0.16427243758609156
51,0.14334161304742277,0.08078176279543237,0.18302725069537462,0.11991070039705232,0.18253621903068107
52,0.1425100111063743,0.07498940038790614,0.18167606213666587,0.11944992602382143,0.17201122358136878
53,0.14201109153482638,0.07732858498358353,0.1933455434356237,0.12589907120519872,0.1687094463652642
54,0.1413460045079481,0.07398687353830813,0.19248575071640306,0.12589907120519872,0.1746941408937569
55,0.13818645893465764,0.07888799681674152,0.1765169459160849,0.12467073094237113,0.17386878587264587
56,0.1425100111063743,0.0758805055909818,0.17688534263837874,0.12405649555876597,0.17407501302427986
57,0.14650101967359852,0.07365265331879256,0.17590273106946985,0.12328873399811535,0.190069045840085
58,0.15514798506991712,0.0792222170362572,0.19309990557880863,0.12850953908770602,0.20683076147747292
59,0.1581412242407627,0.08211850986454605,0.19052028732686976,0.13004506220900713,0.20131289021795007
60,0.15897261767008608,0.0835665446541648,0.200224485188923,0.13173411167839466,0.20693503561417026
61,0.16861749159200445,0.10250326684188482,0.21201678533756896,0.1340374616980583,0.20349925527394563
62,0.1659568654081558,0.09503989242567801,0.2087001933735364,0.13111994146146033,0.20828845718635147
63,0.15315244609505307,0.08501462404676652,0.19936457250128314,0.12021768758447204,0.20807999819587186
64,0.16334847933306684,0.09682223687491476,0.21029707993070856,0.12436367858828046,0.20120897321291298
65,0.1538212149473095,0.09002734761779063,0.1840099823901412,0.11561118321619845,0.195482642845895
66,0.15950397875235733,0.09102978514435434,0.19924163336829848,0.1180679942462366,0.2077681576638145
67,0.16267984942792513,0.09247781993397308,0.19985590835656186,0.1212926973413081,0.2058940794374361
68,0.17605161421228588,0.0915868040539316,0.19494248997700547,0.12574554502815338,0.22400921664700524
69,0.1869164164846624,0.09437158591266392,0.21398212860124444,0.1366479295805657,0.21901182359286497
70,0.18390761651172327,0.09336905906306592,0.22761713327394506,0.13495874960679521,0.22275989076270675
71,0.18975772891362896,0.09192102427344728,0.2244234204586878,0.13879755758108914,0.23785598728121138
72,0.20195937415494525,0.10250326684188482,0.23449595505882515,0.1443254803624825,0.23712705008534918
73,0.20647236551157588,0.10785003198635612,0.21938706310358558,0.1447861242313303,0.2373355091928443
74,0.2006222531096702,0.11854374092136721,0.22405490361053626,0.14540022911055273,0.2185954410753651
75,0.18858774813559287,0.10506520552464071,0.26717053837155513,0.13587997217782033,0.2090171265334685
76,0.18758490744268963,0.10506520552464071,0.25329001596789735,0.14017935885429111,0.22577911001960138
77,0.18591336728003416,0.11018935062511892,0.25193894753504653,0.1383368483745292,0.23108870073745924
78,0.19343488089748084,0.11353092814437715,0.2568521858045355,0.14079392041333294,0.23389981813553473
79,0.18825339840071686,0.11798667740880686,0.2655738320818891,0.14186860399473245,0.2365024764261151
80,0.19794780287160707,0.10985504108256905,0.24284902450381807,0.1309664152844151,0.23764770673954638
81,0.20363098370010513,0.11130329912123915,0.2402694663935273,0.15568837827935988,0.22838194687601188
82,0.21198826730782616,0.12667542196765635,0.2504648799850012,0.16889385184266992,0.24097930210897323
83,0.21031651881555202,0.1724576594933579,0.2261430658813386,0.16106270954599589,0.23608600462570017
84,0.2071407870870987,0.16978425456109647,0.22012403681567905,0.17135079337709092,0.2538890335714823
85,0.20864539549424022,0.1624323911144463,0.22086101052777285,0.17165784573118148,0.2560754879103927
86,0.2048008949135307,0.17201206223030285,0.23289906865909182,0.16981494390931196,0.25649187042789257
87,0.20814369716250636,0.17724749505128623,0.23498729091410386,0.16904731268200324,0.2649247760905279
88,0.224356983069665,0.20097382954788312,0.26016895787863514,0.18179214237646546,0.26044795029065415
89,0.2161668395470766,0.1962955495624943,0.250096243010992,0.17257906830220648,0.2391052238825948
90,0.22402298061152215,0.17780429059474379,0.2536586529419068,0.17795346490655461,0.23639847002114722
91,0.2170026791019617,0.18381954101536568,0.24518300489894174,0.17242547678744913,0.24816306033612456
92,0.22535996270968295,0.18916644008585426,0.2543955666697909,0.17672492880163204,0.2633630739766818
93,0.2185068011031488,0.18181457663920397,0.24591991846938688,0.1733466995295153,0.24805896476525735
94,0.22602852305021437,0.18471055689540739,0.25132443245250624,0.17918167466499924,0.24233290224698456
95,0.2208469711709462,0.18716120774058997,0.24518300489894174,0.1799495013923207,0.2344201176580717
96,0.22118132090582243,0.1912826920654529,0.25709806391306633,0.1824063125933998,0.2562835006033125
97,0.22569410393283396,0.18638156890408775,0.26287133483861413,0.179642383700518,0.2572205397750096
98,0.2434118591179133,0.20164244863298286,0.2900182250984019,0.18778070902670674,0.2809580009466289
99,0.24525033103608296,0.1990803314212266,0.25623815106798775,0.18793423520375208,0.28366484409099135
100,0.24408041964055105,0.20297888324707902,0.2773660121046774,0.18593806804256197,0.26502905022722534
101,0.2500977416921999,0.20721201246751575,0.2852277456943916,0.1888557187835428,0.2661740126919113
102,0.2524378421953868,0.20565246670834048,0.2781030459584196,0.190851820607021,0.26950569746126873
103,0.2541091044638131,0.21066532420538187,0.28903567351370263,0.19007799119120938,0.26502905022722534
104,0.2586220960025498,0.21801683035989516,0.2973885626911891,0.19549492863252027,0.27356587289489764
105,0.2541091044638131,0.21367277071109037,0.28264812759989144,0.18945879698313606,0.2774180357526218
106,0.2562821342643713,0.21690306050984343,0.2927208423100963,0.18883966811277475,0.2654454326277095
107,0.26129633772888794,0.2187967372825682,0.3072156397020175,0.1897683287494607,0.26575763029142696
108,0.26096219650573693,0.21801683035989516,0.3181481471314428,0.19038765346191688,0.2714838712585145
109,0.2617978971135073,0.21534369339673665,0.3120062390744468,0.19719735368938807,0.2826237093484273
110,0.257117626542523,0.2064322841909111,0.2916152917656415,0.19208981751001897,0.287204452153338
111,0.2480918517946682,0.19640692660603354,0.28559626269998206,0.18497038967412816,0.28637159795243894
112,0.2462531717289862,0.2027787261316314,0.2832622823048584,0.17305347944272453,0.2798126813502825
113,0.24023605800695602,0.20132555567728472,0.27282117071492096,0.16608875215228414,0.2857468457273745
114,0.25143479317286466,0.20289063899630777,0.2719613779957003,0.1701128616407639,0.28730872640705096
115,0.2489275524024388,0.1920470579508562,0.2644682813799958,0.16980313420338555,0.28210296341131513
116,0.2591237245875673,0.19316511495534527,0.28080542291839816,0.17305347944272453,0.2801250574628146
117,0.26363664674379983,0.19763662850609642,0.28203385261162806,0.17289858288413817,0.2801250574628146
118,0.2648066275218359,0.195847898103789,0.28043702619610433,0.17305347944272453,0.2857468457273745
119,0.2831927347178278,0.20456745665100695,0.2956688572843288,0.1848157542953487,0.29386773229212226
120,0.2325471265922534,0.1683479648724644,0.2244234204586878,0.15061170390645107,0.29511687972760636
121,0.21332545755349952,0.14252502782483922,0.18106184744748977,0.1306467050314296,0.29272241269577604
122,0.24441463042831257,0.17248436497335773,0.20845449553251183,0.1495284728866153,0.30878099191049235
123,0.2641379976166942,0.18824639656106013,0.225406092169245,0.16624351803544646,0.3290379456289193
124,0.2923857884979302,0.2019963185152054,0.2187728482569704,0.1854348178279981,0.3471954888296954
125,0.28653588442564315,0.21116299269999161,0.22208950020521245,0.18853013617540904,0.3547525986027341
126,0.2778438342417018,0.2123926052770202,0.20857731438219995,0.18466105357885731,0.363044359210137
127,0.26982090036885653,0.20836820736383743,0.21238524220151112,0.18961369337068135,0.36619302839651435
128,0.2703248216723184,0.2140690656395826,0.2261430658813386,0.19162551968949082,0.3235800676906858
129,0.2765408916371359,0.22826637108333048,0.26115162943175363,0.2024594600808658,0.3395336586223999
130,0.2762048747189907,0.22804281332308052,0.25746646063536016,0.20679303634004043,0.34939988763034846
131,0.2787249669138283,0.2385510129495716,0.2664337449269677,0.20973365397096,0.3426825063746074
132,0.2745252069696078,0.24067485691880497,0.2679076923511551,0.20354308244280894,0.356641943037434
133,0.27301281807036637,0.23788025022871917,0.27773464907868683,0.20632860801512942,0.3497146742645719
134,0.2656210012954152,0.23396776518021278,0.2771204943737201,0.20741216521040173,0.34877013603010265
135,0.2646130201055896,0.2377683373640429,0.27576930581501136,0.20137609872768836,0.3577963687890241
136,0.26276510069415715,0.2408986826481576,0.28019138833928936,0.2024594600808658,0.36188957632688645
137,0.26410923774924266,0.2502888252701596,0.29124677476005123,0.20369758748824662,0.3764789431557892
138,0.2562130830115923,0.2483884499722785,0.2817880946289554,0.20137609872768836,0.3857150635488472
139,0.26494924535335374,0.25006508886384116,0.3046360214500786,0.20957895325446851,0.40271835956386337
140,0.2609169727709997,0.24917076826567053,0.3193765768246729,0.2151505914122709,0.4077564624678557
141,0.267637033421783,0.2820365356459169,0.3322743075493547,0.21422199594225577,0.4074414973848174
142,0.2647811326384186,0.28147741782063807,0.31569128790242174,0.21484105964594624,0.4026136390125906
143,0.2661250615459916,0.27667061217396094,0.32895789569538947,0.21344810118873225,0.42601917263447986
144,0.25268535690366223,0.26739211444753264,0.3298175682887524,0.21004318573728464,0.4393487679460827
145,0.25587713565805736,0.26370318727634434,0.2989855092325707,0.21561488923279892,0.4419728524980623
146,0.2583973668000099,0.25554256790833674,0.2602918368699717,0.20679303634004043,0.4097505274538281
147,0.25974108719585765,0.2519655536018247,0.27675185739971087,0.20710256810636507,0.42329009979949805
148,0.26192523203716056,0.2527481398643193,0.26631074580977343,0.2055549089326596,0.4401884965803958
149,0.2674690598360687,0.26403865790127057,0.2790858376373956,0.21174561079415233,0.43000765962106946
150,0.27486080704640936,0.266050856857862,0.2784716829324291,0.21344810118873225,0.43766940077948113
151,0.2733490435002368,0.2696280498104424,0.28068278417877723,0.2160792522199979,0.44365204180092743
152,0.2762048747189907,0.2709695753692154,0.2865789342531003,0.2184006104761732,0.4269638002688799
153,0.2799009914360848,0.2782358741390525,0.3058642108915933,0.21871033808459284,0.4227654257651695
154,0.2802366610774967,0.2730935085444147,0.30561881328649376,0.2129838033682041,0.44092314753177575
155,0.2799009914360848,0.273652358400591,0.3093038619570295,0.21174561079415233,0.4230803015652925
156,0.2745252069696078,0.2602379071884404,0.2993539061123035,0.20354308244280894,0.4135291269232969
157,0.27586892736545576,0.2631443374201682,0.30353047074818507,0.20091186624487234,0.4103801898881744
158,0.2755328408826998,0.2641505708830152,0.31458573720052796,0.19967380417520342,0.4173075478269358
159,0.2745252069696078,0.2645976864035152,0.3110234472380321,0.19998320543714532,0.40765147406783775
160,0.2787249669138283,0.26716873533335095,0.3093038619570295,0.20400718459228318,0.4141587893576436
161,0.27586892736545576,0.2734288006403409,0.31974497354696674,0.19889984408396788,0.411849937854463
162,0.2765408916371359,0.2677276745125613,0.31667383932968207,0.20106663212803466,0.4048175021157533
163,0.2839330556888202,0.26828670301480584,0.3193765768246729,0.20539981670301943,0.40723152058478174
164,0.27687704750239583,0.26728038022892475,0.31753375217476065,0.20741216521040173,0.3970509513571848
165,0.28914093613419345,0.26571538623293567,0.3225702296557208,0.21592455150350642,0.4124796002888097
166,0.285780766770634,0.26728038022892475,0.3144629783350493,0.21546005801192458,0.41825226474425115
167,0.2842685170006136,0.26515671490575965,0.3061098487484083,0.2193592848973922,0.41615303279243043
168,0.28695706918711994,0.2686219056706296,0.3070926405848232,0.21951529048667162,0.4151033275921129
169,0.2955247715372129,0.27756493277213157,0.3034074716309908,0.2284051960273188,0.4346258983249208
170,0.2935088087933493,0.2772297299992398,0.3102864135417288,0.22934103389194105,0.4405034616634339
171,0.2918286546380122,0.273205332086057,0.3063557268569389,0.23557969243676657,0.46264967100170795
172,0.2894768141052242,0.2643739499971969,0.29431778885147797,0.23308418985041734,0.4528883406427996
173,0.25671693475044366,0.24358146567953298,0.25709806391306633,0.2156160636012039,0.3764789431557892
174,0.2770447433759873,0.25084776444937007,0.26741641648008596,0.23152445996201954,0.40282343724679615
175,0.2590689837949567,0.23564440418884358,0.2590634071767418,0.22263448908366046,0.35674693143745173
176,0.2540292856291291,0.23149407074822792,0.2573437017698813,0.21951529048667162,0.36461864916186826
177,0.2636050387336579,0.23811220376884357,0.26508255636825917,0.22887314762848598,0.369761651182963
178,0.2553732143545957,0.22061387018545708,0.25414980868711823,0.2231023755181566,0.3758491915555432
179,0.2614209634569655,0.22969971346303852,0.2590634071767418,0.22700160223258314,0.3942168901221853
180,0.2703248216723184,0.23721484642164625,0.2568521858045355,0.22980898549310813,0.39484664172243134
181,0.2842685170006136,0.2433840774610777,0.27306692869759386,0.2388548966230346,0.4189870047445149
182,0.29401259114969647,0.24787059611089324,0.2810511810585098,0.24571744702059461,0.4470105093385258
183,0.2795651134650541,0.2429353541259618,0.27798040706135996,0.23916677746825155,0.4507891986759881
184,0.27385296462159214,0.24057973537974098,0.27368108355999954,0.23511167549788736,0.4551975490436092
185,0.2804051906337759,0.25033830636785903,0.2821567316029646,0.24103845319749617,0.4418677748151293
186,0.2775488034444573,0.24461797730961166,0.29173829088283576,0.2436897657020708,0.4530729632012357
187,0.2636050387336579,0.2402435501705409,0.27834904419280815,0.23355207611387252,0.42125452165146926
188,0.27788461203298365,0.24237471792616982,0.2817880946289554,0.2421302968224388,0.4104720546358015
189,0.27301281807036637,0.24102854803789076,0.26876760503879493,0.23573563268833386,0.38446743380590387
190,0.2624290835939056,0.23598094669018022,0.268153450333828,0.23292811892342602,0.3762221859697702
191,0.2622611100081913,0.24057973537974098,0.2785944417979075,0.23511167549788736,0.35412900693855
192,0.2691844342623153,0.2563954458965455,0.27798040706135996,0.24041475701581538,0.3603657271266255
193,0.27357495348009175,0.24910467448842744,0.2704873104456552,0.23745123766162812,0.35878027774663523
194,0.2756117566521923,0.24663696423146164,0.2754007889668598,0.2368274109755646,0.36216284968203805
195,0.26033594201053556,0.23631739975141475,0.2553783583487671,0.22575388369378524,0.3380609645539451
196,0.27119866007619287,0.24416934329753015,0.2585721314631114,0.23589163827761328,0.3521203900075768
197,0.2628820848772495,0.23452277449712255,0.259309045033557,0.22965304507049977,0.3589915935563658
198,0.26814338602659116,0.2364295805851938,0.26238005912498374,0.23230442274174534,0.3586743966344822
199,0.2569413860587544,0.22869008595902807,0.2566067880419972,0.2271575426551916,0.36174003926271536
200,0.25371647105806283,0.2302602603397963,0.2830167645739009,0.22887314762848598,0.3711481941422933
201,0.264918818302633,0.2344106829863779,0.29505458245350435,0.22887314762848598,0.37357944280974353
202,0.25507436296696473,0.22285730809789928,0.29554597829299223,0.21577193868610034,0.38457340420097197
203,0.25184944778416685,0.21971660216129418,0.2815425768979981,0.21249686500421527,0.38911879377988845
204,0.25083132418339904,0.22969971346303852,0.29345775603798063,0.205946129943119,0.38880159674098913
205,0.21230261011504692,0.22588583320072553,0.2778575280700234,0.2031389425246889,0.39535551396796376
206,0.22112852519071002,0.22128704439409674,0.2655738320818891,0.20532243376143833,0.3828820735918129
207,0.22044975287462587,0.20939712712134972,0.25894064831126296,0.19892776979837457,0.3718880229176692
208,0.2250324208371044,0.21253801158695496,0.2731896875630725,0.2025149853342424,0.3696683579086949
209,0.2240139497774969,0.20749014227014195,0.27662909853423223,0.20095525544584458,0.4003238925320328
210,0.2150182549857358,0.24035546303521715,0.2789628385202013,0.1919093443159181,0.3954615736459469
211,0.21671563712643582,0.22016523617337558,0.2643454023886592,0.18723035049281944,0.36586270782223973
212,0.22825719689068147,0.21926805747224687,0.260046078887299,0.19222122499009386,0.3441921606445121
213,0.23267022390207015,0.22431530164488855,0.2575893396266965,0.1892579014780016,0.3494776469645656
214,0.25286791884377435,0.2364295805851938,0.2854735036770645,0.20625827179710166,0.381507672172808
215,0.25779000765554705,0.2375512995999488,0.28203385261162806,0.21187297298043972,0.39260715754452924
216,0.2837587604646563,0.24091618855804353,0.2907552587947052,0.22700160223258314,0.41353778666396546
217,0.2988643088021543,0.24259890094765924,0.3002136986740854,0.24727704640460957,0.3804505570756175
218,0.2985250962824788,0.2344106829863779,0.28584178043093933,0.25257999741815473,0.3649113846713027
219,0.29563994958992135,0.22173549976010987,0.26115162943175363,0.2616259087191223,0.3837274264646974
220,0.2976766830153048,0.21668816638150212,0.2919836884879351,0.24524956075713955,0.3875329872682375
221,0.29716741288530235,0.22072614034227034,0.2995996640949764,0.2419742912331595,0.3907043325598095
222,0.32042024292949356,0.22936308163866748,0.31569128790242174,0.25398352587517825,0.39503849549489456
223,0.32313602674729713,0.2433840774610777,0.30144224849317325,0.252268116743979,0.39598981876284733
224,0.32279632800377356,0.24798295547367233,0.31569128790242174,0.2503962451726395,0.40814633006585954
225,0.3260211734398546,0.24921685532220628,0.3210962822315334,0.24712117131971323,0.4347851659396632
226,0.32703985282908077,0.2644716616701164,0.3120062390744468,0.25445147747634533,0.43002837161914786
227,0.33230136249014763,0.26177967906862687,0.31974497354696674,0.2575708720864701,0.44419332093625663
228,0.3177045980588047,0.2607702302106849,0.3093038619570295,0.24758892707878533,0.4458848308133395
229,0.31889264068699785,0.26335003197839546,0.3152000120313526,0.24805694401766454,0.44165619185874705
230,0.3244939880387028,0.24416934329753015,0.300336577665422,0.2398862561701326,0.41914020217417314
231,0.31753495710771507,0.22779254996576237,0.28485934897209775,0.23014396373264656,0.39345286754907394
232,0.30887868316524814,0.21960442132751523,0.2867018132444369,0.22118763659233542,0.4122692663571136
233,0.31397069082233964,0.22274521658715463,0.32809786288189213,0.22370160409501594,0.4242141938846343
234,0.31549787622349146,0.22532510767789926,0.311269085252286,0.23155832319824543,0.43404533704727133
235,0.3265306520815823,0.22655900752643332,0.3292034135837857,0.24130035479800693,0.43404533704727133
236,0.32483313099376776,0.22095032336375975,0.3405043177355048,0.23674363383234465,0.43002837161914786
237,0.32720949378017083,0.22588583320072553,0.3321514285580184,0.2463285506410925,0.4226285659388137
238,0.32703985282908077,0.2283534541346569,0.32662391545770475,0.24522848592419133,0.4206201275736706
239,0.3246634900426779,0.22341821226679404,0.3460321912133918,0.2508852716067548,0.4127976900398439
240,0.31142447857312194,0.23287284108555972,0.3460321912133918,0.23800055233149342,0.3903873140867403
241,0.3117638994224161,0.24896855695457276,0.3621239349892563,0.2472714352292681,0.3811904751339087
242,0.31006658666422027,0.24097683409847281,0.3489800860617668,0.25874172970121856,0.402015401707022
243,0.31380091092413553,0.23467389713004194,0.35831576707566837,0.260627368373187,0.41977450685204076
244,0.30887868316524814,0.23895088044822754,0.36175517788938893,0.26376992554430423,0.43415104076375044
245,0.3075207218738423,0.2415397924630177,0.3658088636913731,0.26157005711926773,0.413220411059236
246,0.3092182429616568,0.2315222052797069,0.3460321912133918,0.26549825358316426,0.4078294008757054
247,0.3110851966709425,0.23399840063958122,0.35082279058582133,0.2659699243026824,0.41607473799475414
248,0.3056537681645566,0.2413147163282544,0.3524196170013453,0.2650270397145068,0.4195630124764801
249,0.29750662540497763,0.2403017841061148,0.34148710957191997,0.25984159857602485,0.4167937654891368
250,0.2980158955349803,0.24502909857403188,0.34075007571817795,0.26329864633793487,0.4371381206285464
251,0.29530032022890196,0.22972150652736167,0.332028669535101,0.26518415450552024,0.4443810678116419
252,0.3000530459838142,0.2448038437932002,0.34210114415102877,0.2695839563512229,0.43852296651039635
253,0.30718143978955625,0.2589860549319174,0.34382084955788905,0.27995451245275016,0.4683473438932996
254,0.3075207218738423,0.25684747383272233,0.34345257296145315,0.2818399554536647,0.4639803269517485
255,0.31380091092413553,0.26630219197452243,0.35291101284083315,0.28372559412563314,0.45588506259436146
256,0.2988643088021543,0.25673484650084055,0.3502086357234159,0.2720979238539034,0.44352928773902833
257,0.2939423589374961,0.2523452356166369,0.34848869006483996,0.2724122186026011,0.4413989880241215
258,0.29275438587391345,0.2494186200181333,0.35978983462571346,0.273354907519723,0.4281909857454743
259,0.29513054033069763,0.2455918782925084,0.3540165635427269,0.27492644711404746,0.42499553593908257
260,0.2976766830153048,0.2491936332064042,0.3626150907344673,0.278540218153822,0.4275516815754091
261,0.2961490807728093,0.2641637003154296,0.3515598242821244,0.27476913648093904,0.43788375232533994
262,0.30514456741705787,0.2727180243610057,0.38423434761064523,0.2804257916591196,0.44320941268073943
263,0.2929240963896136,0.2692287182499917,0.37281056446758953,0.27634041506649765,0.4313865246007499
264,0.30208943213246453,0.27643240660678325,0.3772327669602865,0.2790116930312454,0.44459443759648176
265,0.3005543272920983,0.27958391969398166,0.3705994630638024,0.2774402839413038,0.46887996270288246
266,0.3119831404870881,0.27913367810142087,0.3941843036128102,0.2851397579201783,0.476229595363476
267,0.3193183407744342,0.2774453387118547,0.41101284099070046,0.29393923110720077,0.46856044454222257
268,0.32085344561480067,0.27384358391502717,0.33460816766118173,0.29393923110720077,0.4674952057529008
269,0.3225594419302884,0.27665748274154656,0.3436983309441263,0.30698080416470985,0.4620629500220278
270,0.3138596808188574,0.27429373618455377,0.35438508039087846,0.29519614960634954,0.4553525327166469
271,0.3084007429690516,0.27226787197441094,0.35512187399290485,0.29456775560896653,0.44107920189770045
272,0.2979955413305915,0.2677655444352912,0.33391053209746524,0.2884394950489798,0.41402416137013354
273,0.33450016506835256,0.26821587546795445,0.3911405558869633,0.29645313327216916,0.42233252731256854
274,0.3510464806217455,0.27204252787054506,0.4181357391536832,0.29739595252263273,0.43916209293374064
275,0.34064100127116226,0.2714798373580344,0.411965363472529,0.2975531326513582,0.4609978890964427
276,0.33825282889054775,0.24840577723609603,0.4327904113098099,0.29613883835243016,0.4668561694315808
277,0.34917042669593035,0.2769950970022256,0.43340744887792526,0.2981817223197949,0.4807031187486327
278,0.35207030069000034,0.28723776043736793,0.4446682341419109,0.30839503312592587,0.4853899206464486
279,0.3605991703263096,0.28397370910718556,0.4466738164191778,0.3156230320563358,0.47889251505812214
280,0.3674224606705818,0.28903863783578176,0.45022157225494996,0.32159404714988504,0.47772076982519496
281,0.3752694319538874,0.2844239508168147,0.4525352529544914,0.32175129244528133,0.4853899206464486
282,0.3870395416931658,0.29466670357499114,0.4715094283391418,0.3258364733668495,0.48805284034109453
283,0.3977862482055332,0.29815565239386854,0.46811554144700074,0.336050045010705,0.4943372342123663
284,0.40222108809285495,0.30187030249168034,0.4767540674006169,0.3434351587321286,0.5003021087528218
285,0.392157113616179,0.3032207596514649,0.4809189807729236,0.3310219796720024,0.5225639306899456
286,0.392157113616179,0.3105369860171039,0.47166353753448853,0.3321219138845206,0.5227768534751317
287,0.4025624540196475,0.3135761397415232,0.46796143225165376,0.336050045010705,0.5268245301197593
288,0.4020503357469547,0.3220179256611837,0.4718176467298355,0.3421782402329797,0.5409910865293396
289,0.401368437393951,0.30839831571194265,0.4715094283391418,0.3440637484005653,0.5438670179410402
290,0.40153891184562207,0.30434640852852035,0.45284383172275866,0.3435924693652369,0.5315112430857069
291,0.42149735897710516,0.31278828377121504,0.4809189807729236,0.36257797999485697,0.5194750753229022
292,0.41262684533766736,0.30434640852852035,0.4587058687299225,0.3470730060346171,0.5070125272283591
293,0.41416195017803403,0.3120003384778727,0.46826977092564437,0.3483387979765977,0.5131905925197623
294,0.40733893791009756,0.3091864396513534,0.4637962784701929,0.34106095047690566,0.5123382765156269
295,0.4039270844083429,0.30851103248392686,0.46749850387888536,0.3397952235305548,0.5086104749292882
296,0.3924979237545132,0.3037835393699414,0.46780708280459116,0.33710561115385873,0.492952566194253
297,0.3950568486631343,0.3010823573154062,0.45407802698484734,0.3385294315885742,0.47175580518271476
298,0.40478015194859096,0.3038963454649598,0.46179081631878394,0.3451745787883297,0.41966969701785317
299,0.4143328416531553,0.3094116051091509,0.5450906472903349,0.35039551438230343,0.42265195619031337
300,0.4146737907386042,0.3064849895106474,0.5002011344539908,0.3481804434794672,0.41295910079559517
301,0.41637964810697725,0.3104382919078761,0.5077601749701542,0.3516612411576131,0.4367122750581739
302,0.4220089216434457,0.3040000413128984,0.508685671180679,0.3483387979765977,0.43096023320088006
303,0.42985575397963705,0.302644493208437,0.510999712257794,0.3494462355924889,0.435220832630694
304,0.427979283212478,0.2934953249335366,0.5074514759185903,0.3486552461331339,0.4320254719902018
305,0.41382086214547065,0.2825388484700325,0.4923341156414106,0.33489054042206357,0.43980103915303614
306,0.4179148918944584,0.28084443569948137,0.5029779836205778,0.3366308740089451,0.44704434440391727
307,0.4208146269414137,0.2799408262081625,0.521334881185397,0.33916239289727645,0.45460681091782884
308,0.4201325896412953,0.28332947322026447,0.5174784264554996,0.34169378128122496,0.44683115365297
309,0.4208146269414137,0.2866052249313822,0.5241114901002683,0.34327595604202976,0.4367122750581739
310,0.4261029513924337,0.2852496768269208,0.530590204455413,0.3507118972011277,0.43948170002626885
311,0.4172324377529961,0.2823127897818929,0.5244199489001163,0.3472312951940355,0.4392669915827808
312,0.4122854794108748,0.2825388484700325,0.5324414372856169,0.34691478204186954,0.4392669915827808
313,0.40853281577078615,0.27768175805248463,0.521334881185397,0.34327595604202976,0.44677937424285197
314,0.3988095124853295,0.27564865914484393,0.522106148074717,0.3350488295814821,0.44924767239466734
315,0.4005153696715966,0.2721471168317574,0.5199465767279615,0.34074450232036924,0.45450628631251766
316,0.4056568386772621,0.27632629927105745,0.5147016974147708,0.33473238159598684,0.4515016190006239
317,0.4037716147882007,0.2774557886873792,0.5162442311934111,0.34106095047690566,0.4645944553290283
318,0.40634234929103363,0.2805055710333916,0.5176327759025622,0.3399535128610144,0.4591213108314264
319,0.4056568386772621,0.28807340036772544,0.522106148074717,0.340111606349379,0.4709264324304253
320,0.40582828575873564,0.2828777131361222,0.5258084936092676,0.33947877554505956,0.48015612574076993
321,0.3943457737834417,0.2878476096486884,0.5153187349828864,0.3314098732483005,0.48015612574076993
322,0.38320657281243853,0.28378132262744105,0.5147016974147708,0.326979861947011,0.47919024959169143
323,0.39417460459619735,0.28909008380609713,0.522106148074717,0.33916239289727645,0.4956102178458627
324,0.39263213610507464,0.2904455425875243,0.5171698476872325,0.33536521240030626,0.49850793288465367
325,0.3931464775316016,0.2893158745251341,0.5188666107870775,0.33188441472216035,0.5019422850492842
326,0.4041143701861396,0.29970778480947746,0.5256540240363473,0.3386875902436097,0.5049474882926995
327,0.37995046664294896,0.3105513659719973,0.5167070394403218,0.32856197154114497,0.49947371893170767
328,0.39965841197635155,0.3194748327338267,0.5364523615884343,0.3355233710553419,0.47554136801746594
329,0.400172614455764,0.32557439742585126,0.5315159409176534,0.34169378128122496,0.4876685084008404
330,0.40634234929103363,0.3258001881448882,0.5325957867326795,0.3402697651754557,0.479726976819555
331,0.4205663481150608,0.3281720623955845,0.49125439010968097,0.34628201640422107,0.472965581661026
332,0.4185099552208613,0.3293019091040431,0.48354148064988667,0.3317262558960836,0.4681361166643906
333,0.4217659224432362,0.33189966339681043,0.496036461175961,0.33378297230178944,0.4714631596582889
334,0.41713893381121236,0.31879701407861294,0.4889403490325662,0.3200185275994849,0.490136806552656
335,0.4147399244661887,0.315634247108582,0.5777936380855752,0.3190691183052875,0.4768290827468712
336,0.42279418845494665,0.32173363303746993,0.5700807286257806,0.3246065670514271,0.48713187127500135
337,0.42502230650695516,0.31642487185881407,0.5844267017303434,0.33014414630194966,0.49303469945518363
338,0.41833850795728167,0.31970044480679516,0.5799532094323309,0.3265051246310562,0.4918541160327735
339,0.4102838271271798,0.3175544505981701,0.5742456419980871,0.3223917571573567,0.4789754522163353
340,0.412683114548539,0.32241145180975195,0.5768679016233346,0.3265051246310562,0.48981505573404116
341,0.41079789065947736,0.32263751038082344,0.5787190143276809,0.3209677412226286,0.4956102178458627
342,0.4056568386772621,0.31710269051402784,0.5603622368887192,0.31463923750838074,0.503981255245992
343,0.41302573099936324,0.3204911588800614,0.5666870819853552,0.3219168895080601,0.503981255245992
344,0.4176532752377393,0.32467060928846403,0.5435481133542558,0.32381564275874297,0.5038739460752603
345,0.41131181524466065,0.31416598223213643,0.5113081709002033,0.3182780635082205,0.5112790183944432
346,0.4248507202962606,0.3137141329420282,0.5089941299805273,0.32492301503692234,0.5172890679836454
347,0.42673580523820753,0.3181191953063309,0.5120793178211044,0.33093520109901664,0.5235134679485499
348,0.4287927539208656,0.327494422269371,0.5145474679361274,0.3390041035668169,0.5259821229979943
349,0.42896378434310156,0.32331515050703685,0.5008184122738218,0.3456491204332307,0.533601904930821
350,0.43513310233702707,0.32659081289512026,0.5045207578083722,0.34802221948671963,0.5300602435954592
351,0.4596401779373942,0.34251736440019087,0.5176327759025622,0.3592556021515535,0.5201866039885438
352,0.4568981353002022,0.34161375502594016,0.5074514759185903,0.35245216545029723,0.5192209068733579
353,0.47437837942294014,0.34172638235782193,0.5022068368571152,0.35007913156347914,0.5163231930047228
354,0.4772917301944908,0.3482780643090575,0.5082227428079104,0.35246867297192597,0.5128888408400926
355,0.473693007574177,0.3584439159052615,0.5131592836045497,0.36409797446292147,0.5264114509531018
356,0.47626346418278076,0.35731424784287114,0.5219517986276546,0.3685889263508343,0.5489487767970501
357,0.47420721005358946,0.35595887838447815,0.5202551554962286,0.36153161364101294,0.5521684205181928
358,0.46495295507741874,0.3525702313723762,0.513004934157487,0.3509456772451369,0.5331728449414744
359,0.4658096350605405,0.35595887838447815,0.5194837684810508,0.3618523027623908,0.5364993520038513
360,0.47283632777316154,0.34172638235782193,0.5185582722705259,0.3692305654313146,0.532957957464094
361,0.48877396427555575,0.3340458362515041,0.4431255802374129,0.3770897639467784,0.5338164343404163
362,0.4935726778832825,0.3376603633056773,0.48215293578329643,0.3798165019982318,0.533601904930821
363,0.495115146374405,0.34680971010957773,0.48061064225637173,0.3810997149925216,0.5344603806369873
364,0.5119097407541509,0.3499831057012017,0.46857834969391143,0.37853335417061296,0.5374654048465101
365,0.5208213792794973,0.35338318512513656,0.45762602307233513,0.3920064710141583,0.536821458549939
366,0.523734869180269,0.34386281982126443,0.46780708280459116,0.39457263599397197,0.5257674145545065
367,0.5215068900753752,0.34250280591629734,0.4907915818627703,0.3952142750744523,0.5390751383602913
368,0.5156800494030527,0.34340945203957474,0.47444014644935983,0.3896004220840825,0.5405776504650527
369,0.5088249427190199,0.34159598114695167,0.47953079644134566,0.3774105835725391,0.5383239706547006
370,0.49648602865483316,0.3401226252087609,0.4872435857752825,0.36457910598051513,0.5569977965829603
371,0.4858607524511196,0.3398958520534161,0.4907915818627703,0.3583238094096779,0.5549584683184671
372,0.4874029430480129,0.3405759929904508,0.48863201051601457,0.3607297278353707,0.562256499432679
373,0.48329029584251626,0.3442028455697307,0.4761371499583592,0.3551159400116718,0.5656907626654412
374,0.49699995324001645,0.3528165647503255,0.4880149729478992,0.3692305654313146,0.5634211032025563
375,0.47900564576708704,0.33955627280305267,0.4614825979280902,0.3632959581528963,0.5467759816910057
376,0.48414711477275274,0.3462430004117325,0.4625625637115355,0.36698495906849593,0.5627725137263392
377,0.4850042114151123,0.34680971010957773,0.45022157225494996,0.3714760414607916,0.567960422128326
378,0.48688887951571513,0.3542898313654821,0.45978559441909084,0.3708344675469821,0.5614753359440611
379,0.4791770928485606,0.3479428615361657,0.4485245687459506,0.3655414341823733,0.5376967189760767
380,0.49700037008136033,0.3618834730665418,0.4577802523935398,0.374363091404078,0.5418038535955504
381,0.4928675771831994,0.36777707511416835,0.46796143225165376,0.37035333620042965,0.5275366836487908
382,0.4811576268097897,0.3736705877216926,0.4468279257719635,0.35912576055303214,0.5344542209349564
383,0.49407312569098494,0.3825107228825637,0.4756741014597329,0.36089003972720346,0.5475325941332126
384,0.5040608242112401,0.3898776807513127,0.4747488455009238,0.3719573034827681,0.5439655790243131
385,0.5061273596984885,0.3936178752467481,0.4843126274133488,0.37275918928841034,0.5581249038688191
386,0.5083660368206768,0.3941846742676276,0.49110028075689527,0.3709948447765271,0.5699060992847972
387,0.5111216951824642,0.39667810756828503,0.4877063940221932,0.3719573034827681,0.5652584894272769
388,0.511982543214812,0.39690479140059587,0.511924968216603,0.3740423369449881,0.5802820939525067
389,0.5195597006900614,0.3962246504635609,0.5088399005018839,0.38334512568428647,0.5800661357822391
390,0.5259315875517543,0.3983779685756499,0.4977334646849604,0.3894401755299618,0.5685009874683972
391,0.5305812227423989,0.3997379824806171,0.493413841330579,0.39232716013553603,0.5633127221687814
392,0.5354025829087468,0.3949777105056467,0.4966534987440764,0.396657734793904,0.5592055875493077
393,0.5295478160516605,0.40619847287215727,0.49248858537176987,0.38976092981801047,0.5665555771075307
394,0.4811576268097897,0.41027851458705844,0.46503035360642364,0.379495682372471,0.5668797384478369
395,0.5030279734910661,0.4077851706094351,0.4645676656428096,0.4016298835371225,0.5620158123522639
396,0.49080104187805773,0.41220532751290495,0.453306880221385,0.3916857167261095,0.5712030992033387
397,0.5044055246866774,0.4195722853816539,0.46302501158087284,0.39810132501773865,0.5686091005364114
398,0.5023387114873064,0.4124318326991472,0.4553122222469358,0.3953745871373263,0.5633127221687814
399,0.4987227608816296,0.4030248093114306,0.4306307196797575,0.3894401755299618,0.5661231248354738
400,0.49441754827219286,0.40257170949884347,0.4406575500908091,0.3953745871373263,0.5642857397809095
401,0.4913177452234272,0.4046116858118449,0.4454396213145281,0.39361024262544286,0.5639614895087351
402,0.4816740522609295,0.39826462665949447,0.41890700604300324,0.3920064710141583,0.5643937627468995
403,0.4823630363704605,0.3914646464576934,0.4107311682104401,0.39344993073361,0.5666635123118083
404,0.47547458511051266,0.3899912013135365,0.3868210526584396,0.38879847111176935,0.5565034758143664
405,0.47444103947265903,0.3895376548857783,0.38589555644791484,0.3857510441099793,0.5528287934669499
406,0.4873568162480839,0.4034782664161547,0.4048693714549919,0.3928084219864715,0.5764992084350516
407,0.49321199976440755,0.4058583576835886,0.3911405558869633,0.39056288079032364,0.5736892515978566
408,0.4939005670325942,0.41481183476061534,0.411965363472529,0.39361024262544286,0.5782286606256505
409,0.47771312328558624,0.39350462265362673,0.3845073721163371,0.37660869776689676,0.5757425959928445
410,0.4802965010653186,0.3964512449728377,0.3874380902265552,0.3780522226530194,0.5578006535966448
411,0.48201847484213767,0.4081251964749695,0.3933000071078613,0.3810997149925216,0.5694737371147643
412,0.4935562833985008,0.4162854585508402,0.407491871174516,0.38895884817027326,0.5583410410729793
413,0.4768522754353446,0.41356525209483763,0.396385435200154,0.3823827323157575,0.567960422128326
414,0.4720306373747678,0.4125452639383371,0.39731069131640184,0.3839867647647668,0.5714193241692113
415,0.47340804980537077,0.41356525209483763,0.39761927008466935,0.38510953536284076,0.5629887398623675
416,0.4816740522609295,0.41866537128927406,0.40116726617215714,0.383826387706263,0.5501264137662475
417,0.4740967558385656,0.4203654109427073,0.4138163560510172,0.37965619010639895,0.54310094244596
418,0.4811576268097897,0.4254657087832121,0.4226091113258382,0.3824012623987596,0.5512073665826532
419,0.4926952964190383,0.4314724741009255,0.44142881698012937,0.3836930879981564,0.5718516875093999
420,0.48907906791913236,0.4248988204392983,0.44621088820384813,0.3840160606896734,0.5717434855095173
421,0.4928675771831994,0.42342564326424426,0.4226091113258382,0.3806249776765668,0.5625564666242032
422,0.5080220310808126,0.4263724442295236,0.4127366303618488,0.388214379846039,0.5619078783181423
423,0.5057830760643951,0.4270523171974556,0.39746504076346445,0.38014058389148286,0.5587733143111439
424,0.5593397426072881,0.42444572062671115,0.3940712741546203,0.4125976454830945,0.550775092174333
425,0.5464242439081992,0.43679945577374113,0.41165678454682275,0.4182494723411897,0.5615836280459677
426,0.5560677977414756,0.43611940415974026,0.41505043118724816,0.4227708293557433,0.5576925405286303
427,0.5558955169773143,0.42580564520864406,0.42523173117122004,0.41695771190846376,0.5516398176845542
428,0.5464242439081992,0.42557824679205947,0.4170558933386569,0.41760365729149773,0.5666635123118083
429,0.5484905013191119,0.4244413441492396,0.4107311682104401,0.423739812768006,0.5633127221687814
430,0.5507293175705212,0.4418365178228927,0.4145878631920531,0.4240626549551402,0.5622322163520289
431,0.5562398006114078,0.43308221542500536,0.41474209251325755,0.42357826117005615,0.5576925405286303
432,0.5703608480003883,0.4334230449637113,0.4145878631920531,0.42923002269043964,0.5506669791063187
433,0.5660557743380663,0.4325137193835442,0.41165678454682275,0.42842252553841453,0.5505588660383044
434,0.5725995251225771,0.43626561425991484,0.4108856377833606,0.43358982810704316,0.536723880397841
435,0.5753549055901348,0.43376432123465647,0.4031727283235659,0.43181360872256236,0.5447222803983885
436,0.5886148270525382,0.4317178249254987,0.4003959992828371,0.4415023334724153,0.5486132778137013
437,0.5984306616499762,0.43569702901248775,0.4145878631920531,0.44392449823992997,0.5313196569279578
438,0.5887875244759373,0.43956262309715033,0.41798150967503955,0.4419867272574992,0.5398124666289671
439,0.5913702075200962,0.44013111913861147,0.4199867317321716,0.4426327379782452,0.5560358498182699
440,0.60359700018599,0.43944910253492653,0.4613282484810276,0.444893285981139,0.5535313950112403
441,0.6013579060403513,0.4402449076699382,0.4460566587252045,0.44989923262287146,0.5554914451958352
442,0.58189879532176,0.44376931492375804,0.4428171214375648,0.44344010445484594,0.5673595960862828
443,0.5894759527970095,0.4450200954209387,0.4641047372700412,0.44666963587000263,0.5713879885573795
444,0.5873134126841268,0.4460432988554661,0.4608653201082592,0.44602369048696877,0.5721504049741443
445,0.596436373017037,0.4510457957000171,0.47860530023082093,0.44344010445484594,0.577703361142854
446,0.5988692829085409,0.45400188555844445,0.4875521647009885,0.44780004037583254,0.5869580513291065
447,0.6004328697221297,0.4543428938602869,0.47783391321564295,0.4453778754372767,0.5945799746477077
448,0.600259199486822,0.45400188555844445,0.48909469847962883,0.4505451126681932,0.6066659582985928
449,0.605993508665057,0.4579810003223992,0.49171707807329523,0.45022213997667637,0.6071013558537067
450,0.6061674566124873,0.4608235696186027,0.4938767697033476,0.45183693843863115,0.6053593174634416
451,0.5995639633034522,0.451386982647928,0.4997388067105114,0.44796152680711165,0.6118920758097001
452,0.5999115814861902,0.4562755123150839,0.5040578294356038,0.4519984246988691,0.6017660545816977
453,0.6127702553680554,0.4601413743688494,0.5113081709002033,0.4602338375890873,0.6038347537658287
454,0.615376696365646,0.4616192853135117,0.522877535089895,0.4647551946036408,0.5918578649439769
455,0.6125965853148543,0.4665081722728046,0.5176327759025622,0.46540113998667465,0.5885914418899919
456,0.6162456026022172,0.4615057647512879,0.5182496933448199,0.4633018825729649,0.5897892546917144
457,0.6158979846015855,0.4644616760807152,0.5065260998339233,0.45861903912713253,0.5892447623075673
458,0.5618568478944272,0.4691230753003892,0.4875521647009885,0.45393626101901186,0.5860872538785665
459,0.5556012504802532,0.47685426358678296,0.5106907729545144,0.45861903912713253,0.5907690568692633
460,0.5489983127775702,0.47060107556808584,0.5059090622658079,0.461848570542289,0.5859781590495335
461,0.5543850039551732,0.4329683375706448,0.5093027087487946,0.47137587419857496,0.61036769114598
462,0.5802760219542116,0.4369477201866341,0.5034407918674885,0.4757356796151786,0.6239779705287166
463,0.6018232031417545,0.43978984286766654,0.5054461338930393,0.48025703680077325,0.6169007174579991
464,0.5795812024300793,0.4377436146446796,0.5446278390434242,0.47718892647918354,0.6249581296038947
465,0.5839251781886889,0.43717511860321845,0.5359893130898082,0.48445555162819276,0.628986522074991
466,0.5809709802433523,0.4069325605903287,0.5381490047198604,0.47751202967508344,0.6332330164424423
467,0.5804499699016421,0.4203484409710265,0.5602081275359335,0.4746053404470607,0.6350839729681604
468,0.5891381993130906,0.4302396460117337,0.5312074822752441,0.4765431767672035,0.6336684151677124
469,0.5929611647299902,0.4329683375706448,0.5341384406371775,0.4834866987203128,0.6395480321302877
470,0.5903545847852854,0.43399163032820676,0.534755358079435,0.48122595487532394,0.639221461438446
471,0.6007804877227614,0.44058591597178043,0.5495642597142055,0.4999575894963788,0.6356282874885707
472,0.5927872166004533,0.4418365178228927,0.5325957867326795,0.5036715146966195,0.6096057217288683
473,0.5887905811303527,0.43797092362116175,0.5560429739119114,0.5117453106511758,0.6346483062771294
474,0.5790597754291316,0.4250097508676667,0.5694635709318073,0.5140061850005475,0.6348661390375668
475,0.5891381993130906,0.42398654731607066,0.5636017741763589,0.5146519998791985,0.6353017167967293
476,0.5981737688309419,0.4213715550825201,0.5702349579469851,0.5299925514871466,0.6539203686918483
477,0.5842729353185416,0.4196662457212732,0.5720860706513314,0.5245022762270013,0.6429233721495696
478,0.5788858272995949,0.42557824679205947,0.5654528868807055,0.5046404981088823,0.6411812436572807
479,0.5816662164267219,0.42398654731607066,0.5639102328187683,0.509807670173128,0.6459721426471664
480,0.6011281059054994,0.4325137193835442,0.5876661190495641,0.5246636973205683,0.6311641382244187
481,0.6007804877227614,0.4325137193835442,0.577022251070397,0.5212726796451737,0.6431411159781387
482,0.6065145190067669,0.45081839728343276,0.5867405025557427,0.5180239654540593,0.6441210971895802
483,0.6261500785387457,0.44422411163985887,0.5978470586559627,0.5300438356046406,0.6618687749405786
484,0.6419629505480542,0.44285972125742035,0.5734743751087671,0.5302064964043247,0.6655706868218586
485,0.6252814501964037,0.4603686834623997,0.5801074389109743,0.5178615004964702,0.6327974398534356
486,0.61468187702362,0.4618467730531304,0.583038397272908,0.5180239654540593,0.6418345640748561
487,0.6030395886139492,0.4683273594884121,0.5796447507899213,0.508927814070661,0.6562069018065725
488,0.6099898664230345,0.4680998717487934,0.5861235851134851,0.5157499113593023,0.6761323747408915
489,0.6065145190067669,0.4665081722728046,0.5773309499645222,0.5123390585570764,0.6782012529589146
490,0.6190258527822297,0.4497951938489051,0.5804158975533836,0.5011311875321272,0.69137559768486
491,0.5973052792536082,0.45002268158852377,0.5793362919900732,0.4917100407247976,0.6887627618440552
492,0.5907019248916878,0.44580286032950167,0.5777936380855752,0.4832634233384012,0.6967108100250005
493,0.5922657895995056,0.4598303762651361,0.5851979687771024,0.4879740619942574,0.7070547541154643
494,0.5816662164267219,0.4646203904691326,0.5889001941857951,0.48586234235270664,0.720012069978255
495,0.5820135565331246,0.4617692468640546,0.5902883785173726,0.4947962244495696,0.6935535707319168
496,0.5750630008298097,0.4626814305471798,0.5946077616200386,0.4917100407247976,0.661215633556896
497,0.5505621774853884,0.46017272429542344,0.5946077616200386,0.47173075273161547,0.663393070672431
498,0.5502145593026502,0.45401403255455075,0.5905970774114978,0.46555838528207105,0.6702528467101841
499,0.551083326774213,0.45184731704094494,0.5913683443008179,0.4705939540241466,0.6803787790063179
500,0.5675912960197766,0.4503647616497084,0.5992356033651137,0.47562919659078573,0.6895247312611664
501,0.572456698779334,0.45355789599293717,0.6021664416011895,0.4822889592551798,0.6932521747797201
502,0.5623778580540311,0.45139118047933113,0.5924480699899862,0.4766037260117191,0.6923753077291738
503,0.5451754863077853,0.44694342498258743,0.6030920580950111,0.45857388820251144,0.685139322975235
504,0.5634209903143683,0.4532158159317523,0.6179009595723425,0.46620818028783884,0.6784518500918563
505,0.5781911469046834,0.4611988751559435,0.6340980455386905,0.47562919659078573,0.6501664094346896
506,0.588095622841212,0.4673572990447816,0.6461303381011508,0.48033963940454716,0.653016719107092
507,0.5728043169620722,0.4700945647954988,0.6382629589109973,0.48098949974802685,0.6560864681643407
508,0.5728043169620722,0.4736297791999122,0.6416568458031383,0.4822889592551798,0.6455617407978048
509,0.5583816394252741,0.4877713516359756,0.6359492783688948,0.4813143646675755,0.6341596993810691
510,0.5559487295337704,0.4934736388461318,0.6203688695930886,0.47855311102902265,0.6321865258951299
511,0.568459785415004,0.49153485768731553,0.6239171059322922,0.48634967240088534,0.6324056973142153
512,0.5601193131334081,0.486516819805495,0.6226830307960612,0.4788777801064763,0.6303227140338289
513,0.5648109068926495,0.49142089050992066,0.6416568458031383,0.4891111870482039,0.6365717539770125
514,0.565332195128589,0.49073664106451687,0.6445875639133561,0.4887861916242726,0.6352561860205103
515,0.5743680425406692,0.5013428203330303,0.6652583824294326,0.49300936972756726,0.6415053148955622
516,0.5853150949490764,0.5095540818811137,0.682535314053368,0.5004814576930303,0.6565249912065602
517,0.5896593484198089,0.5088697429956077,0.6851578137728923,0.4973950129594924,0.660362245689717
518,0.5976527584892315,0.5251779416222428,0.6816098178428432,0.5064913601849856,0.6488507513761631
519,0.600259199486822,0.5358983560372537,0.6850034643258299,0.5151000511868635,0.6526878268254276
520,0.6376186968952151,0.5516364505736755,0.6958015616262015,0.5937172868015781,0.6472062022061279
521,0.6200685680191167,0.5494697348259332,0.6800670436550486,0.5820220207328204,0.625718134328812
522,0.6096835122554267,0.5491275655587826,0.6647955741825219,0.5748755152044502,0.6393124328888601
523,0.6058435967473932,0.5457064080060028,0.6658755401234059,0.5584695451421242,0.6826177277207609
524,0.6325480854548187,0.5428550857548564,0.6762107090510091,0.5726011349342566,0.6335019159878955
525,0.6262645618558809,0.5280292638733892,0.6570826647227276,0.5625303887922126,0.6214423579735914
526,0.5883897505732647,0.486859078512748,0.6089539749763172,0.525170862324537,0.5749575932218628
527,0.5835025347556679,0.4699804189720356,0.6097251217397793,0.5110392727034461,0.5602668091925297
528,0.5821065048685561,0.4819550972484248,0.5862778144346897,0.5225720086479435,0.5648713888975464
529,0.5323629392258493,0.43599498700682093,0.5389202716091807,0.4947962244495696,0.5168519737020979
530,0.5519112468898835,0.4621111482791711,0.557739977263472,0.5035676414178025,0.5547850944712055
531,0.5625581972045217,0.46347982581604685,0.5737829540344731,0.5241964635790277,0.5661869580242048
532,0.5667469812372186,0.4751122453851826,0.5750169090448461,0.5367037939400885,0.5802202254559697
533,0.5838519588866835,0.47317373207840085,0.6146616625364184,0.5565203559669156,0.5769310358437186
534,0.5869937206861524,0.47956009008789224,0.6385715378367033,0.5703272765105531,0.5953493534936297
535,0.592578673553076,0.4939297754077454,0.6419651843196897,0.5690275559946347,0.6054357368518387
536,0.6056692319586188,0.4882277561666919,0.6507580597203685,0.5745501936050823,0.5869076995095049
537,0.592578673553076,0.4862887962447391,0.6445875639133561,0.5680531570780842,0.5590607818945575
538,0.577568435469852,0.49632460392220956,0.6481355600008439,0.5553832309129692,0.5759444491007492
539,0.6067162541918467,0.5167388351594722,0.6666465667610103,0.5693524860808541,0.6053261060912841
540,0.6262645618558809,0.5178792211664895,0.6688062582336239,0.581859816612956,0.6133294172372382
541,0.6196320309672712,0.5010006509488114,0.6598593937634561,0.5854336565613438,0.5854824996222915
542,0.5971167431338862,0.4866310549519923,0.6541517062033549,0.5713016754271039,0.5906352331300825
543,0.5761719887413961,0.47271732754768436,0.6357949287643935,0.56590953159501,0.6047780423905341
544,0.5901352045913921,0.4834376526396611,0.6538432475609456,0.5706482918073676,0.6145354445352101
545,0.6025273312120354,0.5141156257921156,0.66510403298237,0.5869882317831785,0.6309804084951337
546,0.6061926040370651,0.5040798182317134,0.6794501262127909,0.5861712086664073,0.6355850783021747
547,0.6107305346707608,0.5024831170170139,0.6905569225647264,0.5851908070613665,0.6396414141023926
548,0.6219011351401804,0.5105804113877022,0.6937962196006505,0.593360907724696,0.6381064945227565
549,0.6468601698294785,0.5275731274288438,0.7082965423097146,0.6355185689387579,0.6418342961090951
550,0.6301043385989058,0.5328193674004202,0.7140042298698163,0.620485526535761,0.642382272048133
551,0.6250430358867642,0.5234675413163192,0.7096849668930082,0.6132956971441306,0.6481928778809655
552,0.6102070234630936,0.5224410331636622,0.7044400874223785,0.6046357220247585,0.6464387868822435
553,0.6117779737453322,0.5235851703869119,0.7078338541886618,0.6046357220247585,0.6538939430552676
554,0.619981316151172,0.5297632437043203,0.7024347453968275,0.6090475945851535,0.6666112856329008
555,0.6215519887212879,0.523013101775287,0.6931791820325351,0.6010408725811347,0.6556478561902529
556,0.6304534850177985,0.5329667387000392,0.6934877608008022,0.6064330162421876,0.646329156121689
557,0.62277379276674,0.5290769399461981,0.6919451068963042,0.5969557571683197,0.6350368343973761
558,0.586819078003149,0.49406723267004526,0.6745138256678674,0.5691774935577119,0.6001734626855172
559,0.5538313435910147,0.46363434237306134,0.6479813306796395,0.5384580251319819,0.5609246826877271
560,0.5808847008231035,0.4785078590086118,0.6817640471640479,0.5636218409040068,0.5884425289871168
561,0.5686666612791123,0.4615749846005919,0.6612476982208918,0.5521837784490164,0.5979806696106832
562,0.5773940706810776,0.4688971952583181,0.6495238644582798,0.5631314442593913,0.6253719225658104
563,0.5896112765423813,0.48010947252191993,0.6664923374398058,0.5717920719006779,0.6400615469703882
564,0.5613363931590694,0.4619183151842554,0.643816417149894,0.5451574580500382,0.6058224804839404
565,0.5663979739475467,0.4652360453264719,0.6521464843036618,0.5574126741261829,0.6173092435470348
566,0.5789644651748576,0.4766771500581375,0.6647955741825219,0.5663996672308593,0.6349810378411579
567,0.5817573584496634,0.49338101823495717,0.66510403298237,0.5668898028667089,0.6210644537011291
568,0.5569728274962544,0.47129979417434886,0.6507580597203685,0.5449940795617689,0.6089150838611667
569,0.561795160110298,0.4766771500581375,0.6581622702860378,0.5505497322154738,0.600852404842391
570,0.5809084589586415,0.4861732213697969,0.6757480209299561,0.56590953159501,0.6048287511077649
571,0.5717902224634157,0.4805669488119786,0.6792958968915862,0.5606807665932678,0.5980912821322569
572,0.5858185992290879,0.4844570155349226,0.6934877608008022,0.5690139845650595,0.5947777205074877
573,0.5854677856269261,0.4793086657652659,0.6988867494667786,0.5672168208520134,0.6086942157156482
574,0.6142256109383484,0.49143589560898504,0.7153925343272517,0.5807789345009717,0.6184136755468085
575,0.621590335029117,0.4950970455408312,0.7393026497218133,0.586824853294909,0.6329928652935489
576,0.6194864258638422,0.49418191431464553,0.7501006268963272,0.5896024186129958,0.6336555598321293
577,0.6096664232171782,0.48880446922489096,0.7346749281025958,0.5941780611748089,0.6088046503734855
578,0.6017755479235645,0.47679156373363507,0.7246479775656866,0.5920538794764583,0.6004105796194855
579,0.6119460864602675,0.4732447382713205,0.7317438496148044,0.5969557571683197,0.6011837977477715
580,0.5959888598715617,0.46260461882530945,0.7251105455608816,0.5853543160540189,0.6043866567489423
581,0.5966903481287706,0.45505358081658787,0.7248023271701879,0.582412980734514,0.6065956986122262
582,0.5975668959103271,0.4652360453264719,0.7956070571749289,0.5963022430442009,0.6226107109238083
583,0.5935341371041247,0.4618038120686554,0.828001228950186,0.6026750493190602,0.6397303330989005
584,0.5772260969132568,0.46489289338887674,0.8224482513721595,0.5923803754442312,0.6365273839957052
585,0.5770507594946803,0.518551234292753,0.8502145814023415,0.5910733473670347,0.6899844118969306
586,0.5477667833446258,0.5051650962581495,0.8455868594682464,0.5703214041554048,0.6696617516867748
587,0.5619703585817601,0.5156908019115947,0.8517573548029419,0.5690139845650595,0.6603842071805442
588,0.5710888729712151,0.5299921604954181,0.8582361894413834,0.5752234123516493,0.6804857312794209
589,0.5730177227942488,0.5477255735739213,0.879060997184388,0.5765303100955042,0.6942916139660072
590,0.5712642103897916,0.558937851188728,0.8900134447190166,0.5714650539153732,0.6781662559284559
591,0.5728422464285574,0.5671753712504355,0.8975720045743093,0.5706482918073676,0.6947337083248296
592,0.5819604831058893,0.578616476567442,0.9038967286004541,0.5804520470200496,0.689432152016188
593,0.5784534582969754,0.5783874701021054,0.8927900523743765,0.5719554503889472,0.6748527844057107
594,0.5705627221325829,0.5762137876259679,0.8815292671103906,0.5525106659299381,0.6631453298906781
595,0.5637240099333316,0.5762137876259679,0.8722737035886591,0.5412358516298756,0.6318883443619069
596,0.561795160110298,0.5778154901111057,0.8682628995691385,0.5373142450386719,0.6152107264436127
597,0.5684583961259639,0.5661458266999566,0.8647149044262835,0.5425429450447843,0.6053807430227472
598,0.5714396865733768,0.5695779700493979,0.8599330734542804,0.5521837784490164,0.599527105867255
599,0.575823398110962,0.5733532660388436,0.863326839905686,0.5616609071895424,0.6239360098989445
600,0.5800317722299704,0.5624844087990077,0.8610127986711323,0.5621513036631165,0.6280227896519995
601,0.5796810975749229,0.5667177165484449,0.8785983095356514,0.5600272524691488,0.650222832024454
602,0.57617379487178,0.5659167312627904,0.8787525382271008,0.5623146821513862,0.6281331353779688
603,0.5737192110514577,0.5620268430688469,0.8785983095356514,0.5536543156899065,0.6247093181292546
604,0.5349659067276802,0.5496706964340297,0.8699597835820353,0.5239153793736002,0.6345390324142036
605,0.5644253592434261,0.5597387475025524,0.8795238060610541,0.5431967200066279,0.6449212757158124
606,0.5574114487548192,0.5478401660125556,0.8642522152031588,0.5384287293781165,0.6403928486035882
607,0.5584633337728462,0.5592810026580504,0.8830715618968262,0.5376067474368771,0.6476825774598388
608,0.5679325229994547,0.5655734896509566,0.8947955149981018,0.5415526911285193,0.6656856733871616
609,0.570387384714006,0.5769003598214653,0.912843593857816,0.5404016684695612,0.6590588181033837
610,0.5784534582969754,0.6017270661812562,0.9197854766800063,0.5487864969053249,0.6558557800683201
611,0.5893254850908873,0.5850232876786752,0.9048223463537869,0.5542120471227838,0.6560766482138386
612,0.6017755479235645,0.5926887387775535,0.9000402745003125,0.5630899472864508,0.6654648052416431
613,0.5931831845548483,0.5894854227791075,0.8872368354892676,0.5542120471227838,0.6442585823473882
614,0.5807329827750563,0.6044729955638823,0.8795238060610541,0.5399084662372751,0.6613782045224804
615,0.5891500087251957,0.6036720992500575,0.8676458620010229,0.5364561162910675,0.6490078776051312
616,0.5849417735533022,0.6144587863225164,0.8827632225930805,0.533496577063997,0.6706559268924474
617,0.5919556842240152,0.6112458239046488,0.8846144549509679,0.5307014601892182,0.672644010508188
618,0.5968656855473473,0.6092948952814539,0.8929444022937555,0.5402371154418455,0.6567392538205507
619,0.5912546126260438,0.6106719696518175,0.9065192287922953,0.5341541364819036,0.6562975163593573
620,0.5691600233302876,0.6061967041824254,0.9111468310728491,0.5264271284728124,0.65894820558181
621,0.564249883059841,0.6106719696518175,0.8875451732186245,0.5259337305694727,0.656849687308232
622,0.5789797482648287,0.61342593693684,0.8625554524181914,0.5459917063770237,0.6642497618904516
623,0.5842404242432078,0.6013771270978798,0.8463582469557412,0.5400728887606077,0.6516587446913203
624,0.5737192110514577,0.5958689232709815,0.8497518937536054,0.5343185590052364,0.6479034456053573
625,0.5553068448539711,0.5816396421711476,0.8176660598651441,0.5136032846175034,0.6392884177739705
626,0.5689845469645962,0.5913935688297598,0.842038983978933,0.5193575492062037,0.6665514707604262
627,0.5854677856269261,0.5950655263804718,0.852219922798137,0.5219881130532671,0.6646596266381356
628,0.5902021718195585,0.60275411015505,0.8812206884995623,0.5216593333443136,0.659207104972713
629,0.5956381852165142,0.6016065795930463,0.8752047823913284,0.5260981529217643,0.6700010887823312
630,0.6101922961615811,0.6123931765229937,0.8674916333095738,0.535305158969821,0.6811288748488654
631,0.6250974987851456,0.6219179187726098,0.8789068881464798,0.5471422721851213,0.6813513496187925
632,0.6542061376987296,0.6201965327870926,0.8869282568784392,0.5695019017974408,0.6872490899599876
633,0.6490081217700694,0.6135407972275089,0.8835346100805749,0.5673645400116223,0.6781243854007079
634,0.6435457104245041,0.6145737367556965,0.888007982095291,0.569830746673065,0.6853573347695651
635,0.6615186218628446,0.6239833494577915,0.9295036081969329,0.5775579505242512,0.6842446016819864
636,0.6733244380968806,0.619163593258905,0.9282696527142432,0.5808461389558917,0.6840221257419029
637,0.6768485519440426,0.6142293338273497,0.9313549602083614,0.5907104434130896,0.6734506178723679
638,0.6798440140866158,0.6215734268724336,0.9335144122164537,0.5944918994147284,0.6602086018454839
639,0.6939403307102565,0.6288030166848488,0.9430785543490133,0.6078089453312823,0.6587619763989653
640,0.6833678500395486,0.625934098966646,0.9270355775780122,0.6045207568996416,0.6730054881284643
641,0.6895350841909678,0.6279997087661686,0.9045137661685697,0.6060005590965121,0.6481906463931669
642,0.6888304003322285,0.6330488284883924,0.9012742299830022,0.6125766751220691,0.6355049974951502
643,0.6826628884686867,0.6253603336856441,0.8947955149981018,0.6079733678546149,0.6279381569375092
644,0.6914735204543789,0.6347702156445918,0.9200939356372934,0.6186597845863937,0.6331681137309805
645,0.654646704034793,0.6306390850173755,0.978249576078052,0.6193173440043003,0.6327230729189447
646,0.6327973367288677,0.6112458239046488,0.9634406744432816,0.6142208998422722,0.6243773003604841
647,0.6294493938008636,0.583934526522178,0.9403019451192646,0.6183309397107695,0.6273817898086415
648,0.6169388937080884,0.5617872969537467,0.9313549602083614,0.6217836811701258,0.6787919910846952
649,0.6114766214917442,0.559721866268565,0.9313549602083614,0.6216191281424102,0.6869152877030721
650,0.6074238557578864,0.5633938238192773,0.9291951492396459,0.6184953622341023,0.6633244176104732
651,0.6132388868359973,0.5742954601542345,0.9308920332525429,0.6235921979092787,0.6790145547864909
652,0.6192296719919224,0.5807215641043104,0.9490945801107887,0.6249073167450923,0.6873604174469757
653,0.6236347795640964,0.5850823251703525,0.9501744265555706,0.6257292985152902,0.6792372085903112
654,0.6282160582375353,0.5932296371622865,0.9537224216984249,0.626715702808821,0.6721152298108127
655,0.6285684000758516,0.6056230278732531,0.9500200766361914,0.6219481036934584,0.6679980962069451
656,0.6107719376330052,0.6048196309827434,0.954030880655712,0.613892054795607,0.6539770592473738
657,0.5996709442048229,0.5963280062049741,0.9467807797577062,0.6066582490188015,0.6425154709239239
658,0.6063665521666017,0.602639340006893,0.9581959149410707,0.6104394438406335,0.6460763275009486
659,0.6070716526845783,0.5949509330052922,0.9534137234340555,0.6180024861772528,0.6710025856551024
660,0.6216963433006852,0.5986228015841748,0.952179767951366,0.6309905567137997,0.6919227685564594
661,0.6282160582375353,0.6073441457725992,0.9450838957448092,0.6359225785235361,0.7046083285226078
662,0.6165864129226577,0.6117048190374939,0.9504828855128574,0.6319768305029478,0.6895859737241575
663,0.6310353492788436,0.6128523495994975,0.9524881072551116,0.6383889155183207,0.6771228896980929
664,0.618701020105227,0.6205407554304165,0.964829097924503,0.6270444173511036,0.6685543744039443
665,0.6185245712918397,0.6220325109771079,0.9618980206962225,0.6283599277000658,0.6685543744039443
666,0.6317400331375829,0.6276554861228449,0.9776322976284656,0.6349363045633472,0.6697785239103794
667,0.6409027292494685,0.6165244862645509,0.9788666136461673,0.6374022502160239,0.6666627081453901
668,0.6322686850242785,0.6129671209183365,0.9830315267035962,0.6347718822110555,0.6889182802784583
669,0.6391408807465593,0.6183605534263958,1.0,0.6370732748360168,0.6859137908303007
670,0.6292732228817053,0.6142293338273497,0.995526387103813,0.6270444173511036,0.677790494211924
671,0.6393167737714884,0.6196226773635791,0.9938296243188459,0.6347718822110555,0.6889182802784583
672,0.6419598938936386,0.6161801723080336,0.9845740607971144,0.6487464875455162,0.662545574541522
673,0.6438983303391561,0.6009180429932055,0.9685312036796544,0.6576243875381418,0.6795710120173827
674,0.6518272738642634,0.6130818020946642,0.9671427786240444,0.669858855127816,0.6918115311714957
675,0.6586996085336589,0.6113604161091468,0.9466264298383268,0.6682056262893568,0.6700010887823312
676,0.6660999005362831,0.625934098966646,0.9440041705279573,0.6753148103008746,0.6782356239558279
677,0.6699764951688765,0.6309832186888695,0.951099923080973,0.6743227948320023,0.6845784039389021
678,0.6588755017406942,0.6348848968209191,0.9646746283515825,0.6647338327294667,0.6810174584300089
679,0.6616949317291174,0.6448976612627921,0.9640575907834669,0.6824239944834336,0.6852460973846014
680,0.6770245840981926,0.6457032016719866,0.9676055875007105,0.6868879341876202,0.6737845090611517
681,0.6745576348952005,0.6377620315558596,0.9432326633869214,0.6906905300178368,0.6803499428480458
682,0.6134146409138117,0.6415600130204935,0.9449296670533597,0.6892025067290077,0.6694445437897273
683,0.6511225900055244,0.6301660674559106,0.9458551635787623,0.7007756304447121,0.6565364189516271
684,0.6470696855066582,0.6419052190366707,0.9386049414528265,0.7073888068073144,0.665438558638955
685,0.6623998934820856,0.6509973146925101,0.9373708663165955,0.7037515466890283,0.6716701901689336
686,0.6521798937789154,0.6435164789694006,0.9270355775780122,0.6911864073334106,0.644407226114346
687,0.6335021595347212,0.6421354757903497,0.9515627303832505,0.6812667734649311,0.6320552905413771
688,0.622401166106539,0.6387978287187333,0.9472434674064424,0.6725039691018055,0.6230419134690853
689,0.6164103809506141,0.6301660674559106,0.9455465849679342,0.6796131531133234,0.6368339578889136
690,0.6056618683078625,0.633618842904367,0.949711738906834,0.6794479477347346,0.6711454266176587
691,0.6179961974814796,0.611867105996075,0.9490945801107887,0.6915170792703955,0.6438979963861068
692,0.6195821527773535,0.6157800378938889,0.9407643934609183,0.6944929955147117,0.644346518412721
693,0.618348539319796,0.6214194459024194,0.9384507127613771,0.690525063630482,0.6396372179224
694,0.6211678303611043,0.6170459126960997,0.9083703414966412,0.7004449585077273,0.6360489551179315
695,0.6137672608284637,0.6233760008231561,0.8992688870128182,0.6862265904846914,0.6385157355772063
696,0.6199343558506616,0.6131329807982862,0.8827632225930805,0.6966423626775105,0.6662117767672407
697,0.615529387225602,0.6191175959936761,0.8772098844800414,0.6954850111546251,0.6730515548362047
698,0.583565194805387,0.5618032849573922,0.8438900966832791,0.6602697625208973,0.6590353389200162
699,0.5584188743382925,0.542698336239055,0.8101073803563098,0.6273690864285573,0.6038676960020694
700,0.5573561521737502,0.5566242101711967,0.8165860937668213,0.6267077427256285,0.6066710473077365
701,0.547085301832966,0.5432739775379114,0.8070223121692738,0.619102681398537,0.6181081735166433
702,0.5706378865120865,0.5847059474053968,0.8414218267572765,0.6371233845851059,0.6449071706534494
703,0.5809090147470999,0.5852815003177647,0.8565394266564165,0.6409262414240882,0.6350397808505891
704,0.5656793964699831,0.5760743652569156,0.8303152701847397,0.6334865159799685,0.6262936955291861
705,0.5729397796545588,0.5723915121691214,0.788356955962045,0.650184792598405,0.6333579142304279
706,0.5708148911139326,0.5745781447291958,0.814734981062475,0.6510114723553464,0.6125018301432507
707,0.56638769258949,0.5656013565645372,0.8114955645304486,0.6448940428039351,0.6342548681816317
708,0.5148554636539207,0.5372891839305896,0.7764790128466471,0.6283612325728536,0.6425524314764207
709,0.5952529154615203,0.5628389931484357,0.8091818835160295,0.6551444791137824,0.6584748645430242
710,0.5993258268880417,0.5450002761732418,0.7869686513471706,0.6726693049847774,0.618444654261011
711,0.6065862100726176,0.5192202107870576,0.7977665085532656,0.6696933887404612,0.6419917792356923
712,0.6389931916185172,0.5708953806132313,0.801468853930377,0.6772987110763184,0.6505136041288663
713,0.6489101718848305,0.5764195712730928,0.8156607184693486,0.6723388940565582,0.6312274354816282
714,0.6458997047286221,0.5746931841342058,0.8263045858187604,0.6820933225464487,0.6319002179364713
715,0.6444829733603878,0.5712406756012385,0.8201343297911469,0.6832505435649512,0.6075680901908084
716,0.6660875351536133,0.5749233507453733,0.8303152701847397,0.6971383704974672,0.6352638634150817
717,0.6775982512079004,0.5829796492383392,0.8451241718195103,0.702594195166143,0.6425524314764207
718,0.692827591590788,0.613708532539972,0.8705769408036922,0.7211110366770517,0.6657630757067342
719,0.7034528677945016,0.6176213754659563,0.8864655676553143,0.7345029861229528,0.6635205568458443
720,0.7022132801573342,0.6152044849815208,0.8856941817422083,0.7391320007013453,0.65623225558011
721,0.6917651473204749,0.5947188008190993,0.863172489986307,0.7326842908971387,0.6502894314623492
722,0.6799002831153811,0.5844759599085705,0.8704224712307717,0.7300389159143832,0.6434494755296488
723,0.6857444909022874,0.5811382226944422,0.8665661367841712,0.7121832877730616,0.6492800793312704
724,0.6944214663258765,0.6077238283727526,0.8955667828320552,0.7278895489226258,0.6267422175558003
725,0.706463335132816,0.6196930587635325,0.9125351349005292,0.7445879560454451,0.6379550833364779
726,0.7213386663120118,0.5791815776311939,0.8869282568784392,0.7435959404055317,0.6296575200416891
727,0.6763586633886265,0.5574298407229021,0.8719652462057609,0.7242525498131054,0.614744260072272
728,0.6575872862555343,0.5677878111809525,0.8838431886914032,0.7128446314759902,0.6280876935336178
729,0.6508580558236108,0.566752102989909,0.8806036509314469,0.7163165555402633,0.624051086566272
730,0.6692752848058967,0.5797572195153917,0.8978807028386787,0.7194578078385925,0.637282389813503
731,0.668566849557169,0.5766497390549423,0.9089871381832858,0.7206150288570947,0.6342548681816317
732,0.6945987488219516,0.620728765783894,0.9537224216984249,0.7397934749086568,0.6535412146926062
733,0.6917651473204749,0.5965601383911667,0.938913520063655,0.7388013289354014,0.6329093021017894
734,0.7188593517263495,0.620728765783894,0.9159289013519344,0.7229297319028656,0.6566807776067239
735,0.725943008385415,0.6341943056742234,0.9362911410997438,0.7376441079168989,0.6723789502450984
736,0.6848587733395908,0.5996675298797864,0.9143863672584166,0.7070580043659467,0.6459164338526601
737,0.6574104206008029,0.5958695484151528,0.9267668782329569,0.6964194788087477,0.6856100744584374
738,0.6492641809064159,0.5824043655828242,0.8965893325488746,0.6874435777214121,0.6754062940132334
739,0.645722700126776,0.5946036736129421,0.9148504970472023,0.6877759460443336,0.670808945873291
740,0.6264201704231378,0.5963299717799992,0.9258383777739151,0.6940925093772308,0.6581382948667881
741,0.6347431366430349,0.6068030706148893,0.9422425445029349,0.70290242205968,0.6206872632239254
742,0.6361598680112692,0.60022325378097,0.9413139259647402,0.7012401891029649,0.6398613004868924
743,0.6179199215250588,0.5856783310673941,0.9239812603510665,0.6817917508633167,0.6342548681816317
744,0.590648573388117,0.5564734450645503,0.8851374416869177,0.6523700455588028,0.5922063093649336
745,0.5821486025663738,0.5508169767076909,0.8835897435984633,0.6596839748692302,0.6089135661686261
746,0.5681585719264244,0.5446989241377451,0.8747686405104643,0.6674965217451905,0.6055497428262794
747,0.5523978010787614,0.5227663217821665,0.8320558749718382,0.6605150912620672,0.5772931383273848
748,0.5203451064486764,0.5078751207077299,0.7942955070005221,0.6299296402330294,0.5539701848490642
749,0.4854589492642294,0.4845573173416977,0.7743318133611746,0.5955208447162632,0.49723280669522685
750,0.5196368103291698,0.5261139727994779,0.8041998187978109,0.6340852225392961,0.5386084929550577
751,0.5453142835489169,0.5421594038976201,0.8158065399251394,0.6503754444502077,0.5444391868587038
752,0.5447831307962643,0.542043918345712,0.8103901342692906,0.6541983974247874,0.5491889291161
753,0.5603667582770733,0.5621297343070684,0.8206039856842698,0.6738129545737046,0.5638903369932177
754,0.5477935979524726,0.5492008045934211,0.8167351584633341,0.643726251785623,0.5201254504574212
755,0.5295537904133769,0.5131851322917966,0.7939858470995346,0.6212861074686153,0.5305296552498567
756,0.563376947539052,0.553241190978522,0.8233896035661606,0.6508740620157403,0.5435346444447967
757,0.5695754422417734,0.5606290487983203,0.8297346277602046,0.6473833468596994,0.5514508210823889
758,0.5793150008827905,0.569517503155037,0.8421151371603562,0.6527024138817246,0.5814188421549747
759,0.580554588702064,0.563861213912519,0.8571264343344663,0.6668316545949646,0.5871863289034357
760,0.590648573388117,0.5769053609748354,0.8730663516211598,0.6736467051600525,0.6128572369933641
761,0.5851589307754674,0.5734424029346163,0.8775543780458962,0.6571904950152956,0.6215649341717541
762,0.5911797261407696,0.5749430006422165,0.8753878397142648,0.6565258888738357,0.6085599449768139
763,0.5945444803948987,0.5870637102556433,0.8973630013255957,0.6606813406757193,0.6282371411978583
764,0.6002115444507383,0.5750583971052268,0.8916370566818114,0.674145583905392,0.6392065513086446
765,0.6069406359355469,0.5812919355782853,0.8919465956697467,0.6773038004051695,0.6488190588667021
766,0.6366910207639218,0.60010776834613,0.9177908253834847,0.6856150953510449,0.6658952939916619
767,0.6209303886812672,0.594335993668772,0.9102080010495451,0.6684938875516795,0.6672521965443906
768,0.6234095643198148,0.6006851065485004,0.9165527859365067,0.6738129545737046,0.6606932805273124
769,0.6179199215250588,0.592258414816802,0.811318633153944,0.6706547382449679,0.6544734324698737
770,0.6271284665426444,0.5953749165525015,0.8235444320997046,0.6704886193356987,0.6789003709483142
771,0.6189825047424868,0.5822154619990043,0.8131757521511812,0.6618449558958608,0.6886257236859005
772,0.6185374924629683,0.5741348695138255,0.8009498313477356,0.6442248695221968,0.7090947961752158
773,0.6388268852160721,0.5964138394362308,0.806675776621275,0.6603488418484151,0.7235699789319107
774,0.7176701978854523,0.5849858644881845,0.8218422644383302,0.6906017940501488,0.7501455195377701
775,0.7543332085864438,0.6158071005489576,0.8411866382757026,0.726672692019247,0.7380449838248687
776,0.7831653647767884,0.6362391054310721,0.8583645934349852,0.7323242578685765,0.7414378223593802
777,0.7870807225585543,0.6469746137999088,0.8766258791612426,0.752936180823983,0.7279804730256184
778,0.7578927512162408,0.6446657070202586,0.8691974047466827,0.7519389455218768,0.7196116671132878
779,0.7411630400400482,0.6327759682765115,0.8617694120950653,0.7451236339480232,0.7615674688212707
780,0.7484599634020694,0.636585293649421,0.8665664973191832,0.7590864949142693,0.7576091570026479
781,0.7600284767212762,0.6377397019679907,0.8605311317666166,0.7767063204502085,0.7726498130434539
782,0.7660796991372991,0.6083038462661488,0.866721327427116,0.7733819850411614,0.7597578480619352
783,0.7719528055566653,0.6110741586128172,0.8600668823242897,0.7708885051872267,0.7818098703606654
784,0.7525535763097131,0.6054178693702992,0.8784827572770085,0.7599177418114891,0.7747985041027411
785,0.7705291273790185,0.635777430607201,0.8829707837017452,0.7758752038863304,0.7857678252816592
786,0.7771141423607655,0.6332378210440417,0.8797209163775274,0.7846853775775451,0.7951542855830304
787,0.7845890427723285,0.6141909284346876,0.8656381180880711,0.7866801093615645,0.7870119727568833
788,0.7870807225585543,0.6148834839857265,0.8597572221084243,0.7891734587111163,0.7928925726506338
789,0.7952676706617192,0.6145372957673778,0.8628525002061803,0.788508330723166,0.8068022821232169
790,0.7958014630453369,0.6110741586128172,0.8671856965229842,0.784186499003247,0.7988861944174935
791,0.795623763707918,0.611304951538838,0.8665664973191832,0.7767063204502085,0.8000169619518235
792,0.7997172376684469,0.6159224068694562,0.8654832879801385,0.7871785965937552,0.7867855697727238
793,0.8036324566852049,0.6267734908156444,0.8676498263117697,0.7903537771239402,0.797416178719475
794,0.8013188930777422,0.6295438031623128,0.8760066799574419,0.7910222980548052,0.7976422248060057
795,0.7966914876043742,0.617192211651036,0.8586738931158381,0.7793240305562819,0.8095162674327231
796,0.7742666472404638,0.6122285669313865,0.8503172803516371,0.7856745222920758,0.8144921447085179
797,0.7710630588918572,0.6088810053541776,0.838710439728206,0.7669573726312766,0.8161883855269593
798,0.7470361462773081,0.5979145261156609,0.8323440353356152,0.7562619516102009,0.8065762360366869
799,0.7424087409860465,0.5986072607810413,0.7874678548951001,0.7507471435785631,0.816754037844963
800,0.763765857635607,0.6139600465368373,0.7899522207414172,0.7696313256793119,0.8369966184182506
801,0.7746223236274248,0.6177694608815762,0.7908839631816708,0.7701326838368856,0.8455912024513507
802,0.7806735460434477,0.6204243767652342,0.7964740568158629,0.7699655208925529,0.859048640716981
803,0.7941996688710338,0.6265625269008082,0.8135549594134842,0.7788226725697496,0.8649290615768389
804,0.8084378392081149,0.6393017487721235,0.8014429087917941,0.7903537771239402,0.8497755603565039
805,0.802920687069939,0.6305001086781532,0.8120022154092462,0.7778198259212605,0.8463828996857293
806,0.7977594893950599,0.6128967395183835,0.8073437434596943,0.7728066368849209,0.8403890988849768
807,0.7886826556799724,0.6146338454213753,0.7952318137510562,0.7492430694479246,0.8471744190563709
808,0.8047003195287761,0.6541257843099748,0.8141762005994287,0.7672916983489004,0.8716011796710753
809,0.7867247682773642,0.6570210505672454,0.7949211930006449,0.7669573726312766,0.8633458438016627
810,0.7899284955730854,0.6339744106266485,0.773803061371244,0.7622781177994122,0.8627805483812881
811,0.7979373274974872,0.651230519223386,0.7876230452231673,0.7637823224344333,0.8872074868597285
812,0.7856571835101287,0.6519252182931099,0.7776851008621509,0.7559277563969597,0.8768032820672927
813,0.8020308014580164,0.6659385331540557,0.7792378445515112,0.7377117037139269,0.8914914777111983
814,0.8192945830941623,0.6881742733034057,0.7824988826358724,0.7539221937754061,0.8838628575888886
815,0.8354900850453932,0.6960495281712895,0.7829646938717899,0.7694642934104037,0.8722489652500095
816,0.8292611634740576,0.6999872902336575,0.789796910444931,0.7617767598128795,0.8914914777111983
817,0.8324646128755495,0.709368054990682,0.8262880090801369,0.7584344161673209,0.894906991531795
818,0.8308629576483608,0.6989448834003895,0.7879337860994363,0.7634479967168095,0.8903528537484043
819,0.8212520536554266,0.6915329107027199,0.8029957727644509,0.7572645372499238,0.8999171520427908
820,0.8137771530617572,0.6945441084246606,0.8022194609039804,0.7515825664449947,0.8960456154945887
821,0.8051069855004656,0.6958179321574383,0.8087412969784261,0.7519168919915775,0.8902389378759884
822,0.8127939024551654,0.6798358264078199,0.8120022154092462,0.7622781177994122,0.8984369583264852
823,0.8219110275555803,0.6858582218517013,0.8174369989043911,0.7801594532516722,0.8945654229484398
824,0.8405031769329925,0.6888693306018121,0.8230269714680923,0.7943646415293226,0.9042436371152421
825,0.8442573689913424,0.6886375554736197,0.8227164705286613,0.795868846164344,0.8963875421457291
826,0.8558771499716133,0.6705709942861477,0.8152628924862785,0.8007151334361577,0.8458333182924388
827,0.8358552091077234,0.665011968813628,0.7908839631816708,0.7900197124150821,0.8137245515208974
828,0.823520046251419,0.6625799858972532,0.7894865297887966,0.7926935351297759,0.8394572380053386
829,0.8169057159779745,0.6778671244909771,0.7854491798439648,0.7886826707243935,0.8263631519501543
830,0.8426484892426185,0.6847000614974221,0.8014429087917941,0.8120790752170572,0.8608629046559627
831,0.8397880729511884,0.6758983324316223,0.7949211930006449,0.8201006735234393,0.8799916791084722
832,0.8269167557924237,0.6702236435806039,0.780324777162393,0.8323004296839189,0.8816993476719804
833,0.8220898382878099,0.662695739418264,0.8029957727644509,0.8383167262064721,0.892516006767684
834,0.816011801081834,0.6701077121159338,0.800511406760695,0.8349741217231887,0.8648478199749027
835,0.8337100359273186,0.7209492066502299,0.8026853921083165,0.8461712922439455,0.8819270003829193
836,0.8017101370123461,0.7127266022474843,0.7998901651024338,0.8244458636464456,0.8773728614293727
837,0.813151523919625,0.7426059122790376,0.7761322370469327,0.8339715362545068,0.8651895675921505
838,0.8263803235957343,0.7421427190806533,0.7745794932001336,0.8379825309932312,0.8809024713264341
839,0.8285256357232538,0.7370469769490295,0.7626227538195628,0.8451684455954565,0.8760062278580102
840,0.8154755078322595,0.7204859244800161,0.7495793220798258,0.8234431476733808,0.8491350952745119
841,0.8222687879671544,0.7233811907372867,0.7495793220798258,0.8306291926089482,0.8522097554771676
842,0.8274530492241046,0.7202542394943354,0.7391755666403311,0.8227746267425158,0.8638232909184173
843,0.8664246219827516,0.7300983753934029,0.7441444187737009,0.8436645019692013,0.8857981788633357
844,0.841039331417559,0.7153900933765625,0.7155727087870395,0.8182624041795601,0.8853430513051938
845,0.8446147127436789,0.7324145158169373,0.7228710968162327,0.827119816865522,0.8985508741989011
846,0.8415757636142485,0.7362363452439535,0.7262872051028034,0.8309633878221891,0.9177932087963535
847,0.859095048598282,0.7576615438307397,0.7346724056170205,0.8490121472275478,0.9284957729857487
848,0.8605251177968825,0.7533764322335097,0.7225604760658214,0.8416590698520308,0.9264463568049927
849,0.8624918970864013,0.7486282187510889,0.7112248580602153,0.8406563537079246,0.9095953662095931
850,0.8848376829158113,0.772832928903453,0.7203864905607612,0.8500147328672707,0.9236000654488469
851,0.8873406165077902,0.7796657781087504,0.7276846384956775,0.8657238647711765,0.9180206824734002
852,0.8676761583433514,0.772832928903453,0.7130883427832834,0.8550283134167589,0.9008279430905967
853,0.8531956833595276,0.7534923648688618,0.7047031422690663,0.8572009084782621,0.915515781836873
854,0.8438997475268828,0.7605568089173282,0.709982735278705,0.8510175793447183,0.9097091030481163
855,0.8555198062192768,0.7573141053240482,0.7006657923242342,0.8531901744062214,0.9020804840959628
856,0.8612402217786868,0.7628732185977156,0.7061006956303592,0.8605432519527798,0.9177932087963535
857,0.8571286861501068,0.7715590161988453,0.6964732520513351,0.8558639971209152,0.9276988978103585
858,0.8723239872215063,0.7283610903760702,0.6865354279736152,0.878926206400338,0.9374908488156845
859,0.8814412512690357,0.7708640478722688,0.7002001013716136,0.8837726241765349,0.9358967392269631
860,0.9048597625447095,0.7888149456812417,0.7090509928384515,0.915358050928679,0.9758617788317531
861,0.9177312186505888,0.7862671191013446,0.7212077258709612,0.9150220288251185,0.9760897896104775
862,0.9211277892444787,0.797500832254201,0.7290003926027909,0.9230831667097388,0.9765449183387757
863,0.9214852717618238,0.7946054770251005,0.7308707240274382,0.9235868737751631,0.9722182542324321
864,0.9086139546030589,0.7876568754694744,0.7286885707512406,0.9173731396860199,0.9803023588105128
865,0.9030720720637557,0.7790866534456964,0.7395986163770819,0.9217394698086454,0.9913470286849412
866,0.9002120726136695,0.7818742040843527,0.7428716661025915,0.9118310582908489,1.0
867,0.9032510217431002,0.7883785482224372,0.7434949497429969,0.9215715240090565,0.983376839979276
868,0.8832286640378664,0.7898884341207764,0.7484824198099395,0.8978920779162629,0.9590104301685684
869,0.8855529258447303,0.8025486127162524,0.7576776848742132,0.8936936935932263,0.9542284594701894
870,0.8982454322712652,0.810330442480313,0.777004041249863,0.9062889770667188,0.9634511891812211
871,0.8905583763694507,0.8171832974697724,0.7838614823638795,0.9182128686839639,0.967777674253672
872,0.8825135600560621,0.8034777666051949,0.7902515507632658,0.9020905927436824,0.914832821363743
873,0.9014631921329257,0.7862879291440188,0.7869787411320329,0.9094800779343304,0.9187039998441594
874,0.9109380776449147,0.7867525517450866,0.7648473082173536,0.8963805655489223,0.8794220997463923
875,0.8923460670325105,0.7868685721815862,0.7530021569421176,0.8700139863206255,0.8423038874292698
876,0.9238092556744584,0.7876816154915172,0.7579895068832024,0.8920141049219141,0.8669611571061019
877,0.9313176397911576,0.8032455442764908,0.7645354862083641,0.9197242505469214,0.8787737782359358
878,0.9506247545674724,0.8251973495625369,0.7682759086485037,0.9507933123347458,0.9028578972340852
879,0.9727920079230945,0.8291465433343286,0.7824588840314358,0.9657400981822888,0.9152440259402309
880,0.9879873080839621,0.8490078196844677,0.788693041347608,0.9837097782601296,0.9327908335145
881,0.9849482196432042,0.8510984387628862,0.7908750744979479,0.9701062978005315,0.9236161352034035
882,0.9715406097811838,0.8514468594717495,0.7776273248902684,0.9664117510473023,0.9321028741342506
883,0.9720769037591839,0.8534213679711566,0.7773156230071369,0.972961507240006,0.957792529296032
884,0.9741420494110729,0.8524922140822144,0.7879137266555699,0.9746408349025524,0.9685729428046531
885,0.9780925580812447,0.8629454839059201,0.788693041347608,0.983373756156569,0.9263685086559231
886,0.9942537428267579,0.8808323418991637,0.806616319044822,0.9909310566424228,0.9316439962256128
887,0.9980247456649141,0.8924471658841748,0.8173703329892746,0.9974808128351269,0.9274007162771359
888,0.9903032341565863,0.8848976462499667,0.8067722299705972,0.9969771059407431,0.9011375523688859
889,0.9646249272541516,0.8952347165228312,0.8024082837957752,0.9929464064085296,0.900564222656311
890,0.9718076450111603,0.9037136581321525,0.8204875927020613,0.9946257340710758,0.910427238415442
891,0.9545688722166903,0.8852461571013412,0.812383104118681,0.9905951650432452,0.8843935128764332
892,0.9613925792201996,0.9009257504354959,0.8175262447022441,0.9811905910952563,0.8764801036581616
893,0.970191540740901,0.9005774186984621,0.8072398427795039,0.9929464064085296,0.8936830198890963
894,0.9811451223889516,0.8896594373018591,0.8047461077460328,1.0,0.8990733161603531
895,0.9750398535516787,0.9170703222580368,0.7166878687703643,0.9912669482416006,0.9013669907381271
896,0.9877891855238627,0.9534247702539214,0.7247922373853256,0.9993282168016446,0.9059545189275683
897,0.9999999999999998,0.9662010594284087,0.7204282910530649,0.9937861354064736,0.9138677502821032
898,0.95187531829827,0.9311243651446708,0.7176229742623198,0.9905951650432452,0.9582512293409332
899,0.9222465027256637,0.926013885297744,0.7037518208883774,0.967419425844835,0.9392131583730773
900,0.9188346490418025,0.9023197938409948,0.7039077319715913,0.9596941793883513,0.9298090205225839
901,0.924580767814249,0.8901240587322452,0.6928421356401094,0.9615414528504864,0.9221248718098166
902,0.8671186078241961,0.8412258108060666,0.669307744015413,0.9005790803763418,0.8968940933865169
903,0.9017755204801436,0.8989513320786002,0.6627620047845283,0.9360144722867918,0.9153586567780613
904,0.8908217991565535,0.9403001493424001,0.6594889550590185,0.9321519797339739,0.9162760545275511
905,0.9376895268349572,0.9624844438726392,0.6753862306575257,0.9635568026165933,0.9402455438580267
906,0.9308656807022269,0.963762019641127,0.6685286694176514,0.9672514800452463,0.927286085439306
907,0.9017755204801436,0.916954389622685,0.6566836382682734,0.9388696817262667,0.898958686492679
908,0.9297883703653929,0.9445974969075661,0.6735158992328786,0.9605337780529535,0.9151292172386644
909,0.8743011868161965,0.8961637814399439,0.6577745347175855,0.9252663317710512,0.9025138280270143
910,0.883818586685241,0.9456430294616904,0.6612033754004515,0.9350070584980248,0.9254511109064328
911,0.9039302802830325,0.9847846710382309,0.6756979325406572,0.9554955342275901,0.9591688061243161
912,0.9188346490418025,0.991521236334338,0.6767889491158271,0.9692668298113531,0.9689168341479876
913,0.8936948585427764,1.0,0.66712595095935,0.9528085315964698,0.9561869931324
914,0.9042895689307611,0.9835070952697436,0.6799059676322649,0.9679231327392186,0.9643296628561758
915,0.9109334927543447,0.9808358343244401,0.683490719240906,0.9748089112065241,0.9741926786153069
916,0.8658616528903385,0.9401838596490479,0.6604240607084132,0.9267778441383916,0.9446036325080703
917,0.8895648444048021,0.953889391684307,0.6718014790488843,0.9331596545315068,0.9493056125014488
