,BMY,HSIC,HRB,GE,INCY
0,0.6523879030862658,0.4754566531092421,0.8680135998554039,0.8939068088667774,0.47599827887432433
1,0.6956473052019585,0.4843357275355147,0.8875187136767306,0.8950615930503762,0.481096020815046
2,0.6563208577995625,0.4578657072057064,0.8719146518038685,0.8761986905781589,0.46474087065058167
3,0.5953642863799002,0.4153125088355809,0.8530596398347834,0.8269235002914874,0.3957094379341023
4,0.5409618408876908,0.3920255531403729,0.8251015875872758,0.806905813635671,0.38530158617655197
5,0.5196599093482979,0.3266879879355704,0.8316034877797214,0.8119101923494951,0.35779525399487644
6,0.5347352027522252,0.32786069627362835,0.8270521872900121,0.8142199320674737,0.3142522852301035
7,0.46394723096167345,0.29803991878066727,0.7769883196661986,0.7988215530470946,0.21155477259183664
8,0.5370290266679074,0.3305411716204887,0.827702728441257,0.8303882814441064,0.23874259214796523
9,0.5131056425576119,0.33238399815445074,0.7977945165580214,0.808445411196876,0.19594303552475323
10,0.5271973445705518,0.3596918300631309,0.8010447339772355,0.808445411196876,0.15728543944396634
11,0.5383399646179288,0.3275256367484687,0.8146986354463643,0.7895824228243984,0.16726847261158295
12,0.5245756095337426,0.2891606811612135,0.8231509886525443,0.8122950061768406,0.1622769560277747
13,0.5661967271403805,0.3298710525701698,0.851108601601049,0.7988215530470946,0.22196262434938707
14,0.517693572854883,0.29854250764119916,0.8368050368106759,0.7911220203856033,0.2103865418603419
15,0.5101557146732096,0.3682360081574254,0.8602116418794714,0.8015162779431999,0.1862786770472482
16,0.4780392147010799,0.34528394879419544,0.8537095957660279,0.7895824228243984,0.1751274130419347
17,0.46001455797484336,0.32869834465931946,0.8706145940203824,0.7976663402616733,0.09887422678595326
18,0.4927865973536001,0.4114593255778698,0.9395331802352755,0.8319283939571336,0.12807983311495985
19,0.44887165546156016,0.45133188583516093,0.9668411306305411,0.8142199320674737,0.149532723839517
20,0.38496557948663535,0.40174243957272493,0.9395331802352755,0.7988215530470946,0.1108751277587301
21,0.4259312985498791,0.3985592117449439,0.9408339706957705,0.8153748021513332,0.11331773312154192
22,0.4121665201365534,0.3891773852649587,0.976593980919211,0.8350078467803244,0.14369157018204326
23,0.4098726958511514,0.35165024082936824,1.0,0.8103702516369884,0.13275275604093884
24,0.4455946631143104,0.32568280978729947,0.9687920229432785,0.796126828150989,0.13179697506745103
25,0.45542606348519943,0.3474619980464979,0.947985679362453,0.8003612365085597,0.1461342565771373
26,0.4573926820748011,0.5004189055758324,0.9375828739105447,0.8011312927650733,0.1466652189606913
27,0.4062677927524947,0.5198526780133297,0.881667502092538,0.7684094374829007,0.0744477683150303
28,0.4285531744499216,0.5379460500114224,0.9180773207902142,0.7995913520525668,0.1047153804434271
29,0.49344199589699445,0.5860278916038228,0.9746430886064736,0.8226890060336565,0.13986828432972964
30,0.5504658943298262,0.6220474313693778,0.9804950328676756,0.841167009677747,0.1693924843165655
31,0.5308025297653947,0.6133355603193222,0.9492866165119507,0.8311580804495786,0.13296512476666356
32,0.5465330804797626,0.6594068828492068,0.9336816760410822,0.8288484266318601,0.15080709847083407
33,0.5432562289957459,0.6713018181066546,0.9382329765307915,0.843862077725154,0.163551411691374
34,0.48983737452480414,0.6651032190272423,0.9135263136785103,0.8365476156923102,0.14347920145631854
35,0.49508042163900257,0.6838668724144208,0.9031238008366023,0.8265386869138813,0.16801188475314388
36,0.5212984759535395,0.711509600655079,0.9174273656269749,0.8463040917010274,0.16758706626941222
37,0.4957361019088631,0.681018541345825,0.9187275693314589,0.8529029676869198,0.16822425358507076
38,0.4852490212681131,0.6461720358774841,0.8634624460546969,0.8428105739880305,0.15930330724912667
39,0.5602975767969016,0.7250795071519609,0.8589109988759844,0.871534948222209,0.17576468138987555
40,0.5825829584943287,0.7044730268036132,0.8446069947866084,0.883180150132806,0.16036531304851687
41,0.5858599508415785,0.6838668724144208,0.8647625030701778,0.8847326151932122,0.14932027408151005
42,0.5763558970297233,0.6883901747224508,0.530570326105597,0.8940487768116381,0.14326675159210944
43,0.6346908746455298,0.6741498232160943,0.5533262433341446,0.8874499862762664,0.15707307071824161
44,0.6271530164638563,0.6806834822478729,0.5383721373925265,0.8785218977479425,0.13455817408809212
45,0.603557402241734,0.6778354771384332,0.5078136762000407,0.87813365285732,0.10991926575296007
46,0.5838938964443496,0.6915732393570502,0.550725688468169,0.8738639885143804,0.10779525415417968
47,0.58454957708393,0.7182107890222302,0.5703709885918413,0.8893905244267744,0.1315845253094441
48,0.5570205844496519,0.6942537147039105,0.553999783170614,0.8866734105947618,0.11129994634866391
49,0.5426006895891189,0.6818561901587237,0.5088153432076608,0.8870616554853838,0.07582836777224977
50,0.5085172889312015,0.6790081850492835,0.4996475562466156,0.8827919052421838,0.055968566832161226
51,0.4701737278641862,0.6498576893726153,0.4944087996653024,0.9134569894273907,0.0483219951275341
52,0.5147442091628536,0.682526308781835,0.5179832776257143,0.9119044384667243,0.06977484528284916
53,0.5104836254246163,0.6748199422664132,0.5317345921127803,0.9185032294518354,0.10737043556424586
54,0.5137610411010058,0.7086615955456388,0.4917896414081495,0.9173387520310099,0.11268054580588338
55,0.4986860297932654,0.6984419574867808,0.49309907423172583,0.9177269110213719,0.09483857220791503
56,0.5045850392735103,0.6885577044850302,0.4682151634477376,0.9192795474325592,0.11958370536894958
57,0.5127777318062052,0.7029652593676032,0.45577313509524475,0.93402985081475,0.1056711614169148
58,0.5593146904615209,0.7523875022538222,0.4754182892979193,0.9336417772749088,0.1141673701952074
59,0.5471165500414297,0.7704810365906827,0.4551180527289549,0.9472275177857534,0.10460915551132255
60,0.5616221951179425,0.7664599976112361,0.45577313509524475,0.9456748813745661,0.14836449310802224
61,0.5955790858035686,0.7709836258784213,0.44333081413275166,0.9511093662896328,0.15717929554414412
62,0.6305243627759101,0.7599263390066651,0.44987929614764166,0.9239375425663814,0.15919708231702212
63,0.6236014254775055,0.713017368091089,0.39028816595332705,0.914233393308375,0.1577102579276981
64,0.6493159780291142,0.7461885767880481,0.39028816595332705,0.91112803458574,0.24819458189974564
65,0.6407444606351511,0.6989445463473127,0.3470683878692429,0.9006474814467493,0.22196262434938707
66,0.6338209591443738,0.68872523424761,0.32022010858439165,0.9068581988920192,0.2014655955243978
67,0.6308543890638547,0.665438278552402,0.2966453380139793,0.9037529260696444,0.18383599065215417
68,0.6592059087371771,0.6954264226147613,0.3110521749343438,0.9076346027730033,0.2004035897250076
69,0.6832723045223674,0.7123472494679777,0.3634395940584756,0.914233393308375,0.22005098137012924
70,0.6931623760936638,0.7156978434379497,0.2986101465818509,0.9157861156198226,0.21282922825543604
71,0.6990966446394467,0.7220639727071485,0.2887872764865105,0.9161741028096639,0.2047578379608751
72,0.7258005713690032,0.7619366957304137,0.3071228511766062,0.9173387520310099,0.20592606869236985
73,0.7274488697380947,0.7508797348178131,0.29730012777026893,0.9208320979434861,0.1940313925454954
74,0.7379988530220474,0.7528900911143541,0.2822389411606234,0.9208320979434861,0.21229818473339768
75,0.7686577364885583,0.7229016210928396,0.28158400471533107,0.914233393308375,0.2024213764978856
76,0.7858011949753436,0.7363043237862974,0.2861676789303549,0.9056936355709335,0.1940313925454954
77,0.7841528966062521,0.7584185715706551,0.29991972609442974,0.9025884486488192,0.19169501211478823
78,0.7917350401919867,0.7602613985318243,0.2855130358630682,0.91112803458574,0.16918011559084078
79,0.7709662282967722,0.7909199876036577,0.07399782042567593,0.9122925120065652,0.15601106481264937
80,0.8378899300647507,0.731278432617736,0.1015010353878143,0.91112803458574,0.14698381261852056
81,0.8352522578874311,0.7006198435459021,0.05107813222155366,0.9053055624808319,0.14624040037075747
82,0.8279992943010819,0.7391523288957371,0.04976855270897462,0.9107398755953782,0.1684367033430777
83,0.8006365842436143,0.6979393681990418,0.054352226923998215,0.9006474814467493,0.1443287574977018
84,0.7890979322070399,0.6671135753237838,0.04911332365368226,0.8789102285388251,0.10822007263791134
85,0.801296072996851,0.6907355905441515,0.03732623174648131,0.8719233644636122,0.1264868648258135
86,0.8036034364203193,0.7223990318051001,0.015716562353941033,0.8808508525895933,0.12946051360446154
87,0.8075595215420193,0.734629026587708,0.025538846461275133,0.8711467887821074,0.15250637261816502
88,0.8138232525530942,0.7597588092440848,0.03601650554489977,0.8948251806926222,0.15919708231702212
89,0.7900866009596621,0.7455184581649359,0.0,0.8893905244267744,0.1287171014629006
90,0.8055820431735423,0.7600938687692445,0.003929177068734635,0.8796865465195489,0.12786746438923513
91,0.8022850234759393,0.7554030366986351,0.022919687436117497,0.862218872054304,0.15622343353837398
92,0.8566808406320687,0.7915901062267694,0.03405228373303948,0.8746402210445836,0.19084537504112276
93,0.8032734101323751,0.7316134921428952,0.06417480364133299,0.8649362431373582,0.18107479163151308
94,0.7993176071068615,0.738314680510046,0.0628653708177569,0.8610543950832181,0.20210278284005634
95,0.7742626838020024,0.7373095023617755,0.045839228951237265,0.8513504171759927,0.1862786770472482
96,0.7887681880152817,0.7349640861128672,0.07268794830309688,0.8591136851321897,0.20337723850365563
97,0.7765704705546108,0.7091641848333783,0.03863625055806352,0.8563966572004371,0.23555649361131026
98,0.8039337448044508,0.7683028245724053,0.060245919182598806,0.8703703849011233,0.24182238472023343
99,0.7861302337417762,0.748031729708373,0.0700686425889363,0.8796865465195489,0.2618946759875712
100,0.7874500571670882,0.7679677650472461,0.08185558857513908,0.8769692613367552,0.2472387198939755
101,0.8065708527893976,0.7860612998113132,0.09888187713066166,0.8808508525895933,0.2764443262229821
102,0.8194277769071188,0.7848885919004625,0.12442072359193679,0.8851210314346156,0.275169951591665
103,0.82503216002819,0.7743342202756005,0.13882756051230127,0.8804628649500124,0.2833474857860483
104,0.8622856470822797,0.8255989633094192,0.14799549416234936,0.87813365285732,0.3102166305458631
105,0.8586598703447108,0.8207406019034371,0.14406617040461178,0.8738639885143804,0.28101102421685653
106,0.9048144781212883,0.8348134236472133,0.13948220357958774,0.8808508525895933,0.28663972811632343
107,0.8922867343726724,0.820908131666017,0.1348982367545637,0.8816272564705774,0.2542481042829441
108,0.8758026234061704,0.8755237950561701,0.1015010353878143,0.8882261329062093,0.25913339604084995
109,0.8533845259900716,0.9018262856233985,0.13620796218814024,0.8855088472736761,0.24543330184682233
110,0.8507471359089385,0.8622886221252926,0.31236160775791966,0.8777456652177393,0.23268906965856462
111,0.8365717992165571,0.8393367255280362,0.2809292149590419,0.8695939810201392,0.22844096532251945
112,0.8655825255469294,0.8339757748343155,0.28354866659419975,0.8932722011301333,0.2259982789274253
113,0.8481097461975251,0.8008042401782007,0.2763453948230208,0.8990949309358223,0.22249358673294106
114,0.8204170094823935,0.8013068294659402,0.2763451022130201,0.9104091038255118,0.2283347403904149
115,0.7854715916468185,0.7709836258784213,0.2604813217006632,0.9088442007672055,0.1976423096720843
116,0.795032201122543,0.8033171861896888,0.23007608446765038,0.9178423722147058,0.21229818473339768
117,0.8045929514615007,0.8013068294659402,0.21883919152173315,0.9221460917383286,0.20284619498161727
118,0.8395383692970757,0.8053275424862307,0.21950013300007742,0.9158863936048436,0.21240440966550223
119,0.8504171096209938,0.8498910975801053,0.23602514836878408,0.9319266719897217,0.24596434526265853
120,0.7834932669897823,0.7369744428366158,0.1950438137472006,0.8783285475054949,0.19626171021486483
121,0.773932798747011,0.6847045212273195,0.1619943689977934,0.8587671297516675,0.14804589945019297
122,0.8296482977257793,0.7436756312037671,0.20099243834933112,0.883023084879893,0.1920136057726175
123,0.8750528712676924,0.8148770619219778,0.23073717263499738,0.906887964906302,0.21495323985421644
124,0.893281326775488,0.8363211910832242,0.24593942568100458,0.9432721548496814,0.22812237166469018
125,0.9009046530769549,0.843189909212954,0.27105727316823613,0.9436634881020183,0.24182238472023343
126,0.9009046530769549,0.8438600278360662,0.25188848958213783,0.9420984991434518,0.2252548666796622
127,0.9035555826658741,0.8587704979655331,0.2717180687255829,0.9534440679036718,0.2546729228728779
128,0.9108469083758113,0.8560900226186732,0.27898901635140927,0.9565739599205445,0.26582410573970694
129,0.950617621778636,0.9019938153859783,0.28493793433154524,0.9714404966989327,0.28886996475341054
130,0.9542631437703717,0.9197522906248858,0.2829548149824972,0.9718315722504884,0.28143584280679035
131,0.9811081075015182,0.9050093502579979,0.2862599647452413,0.9737875513100902,0.2811172491489612
132,0.9937032666928789,0.9085274739905489,0.28890387888363067,0.9777001948324178,0.25552247891426116
133,1.0,0.9142234842094297,0.2988184488058514,0.9882630120871829,0.2510620057462891
134,0.9744802191519866,0.8996483995642772,0.3298849208952135,0.9980439354898776,0.269010204276362
135,0.9731544724462009,0.9053444097831571,0.30608954388868614,0.9992175911961072,0.27219622178073477
136,0.9569146375516637,0.8984756916534264,0.3021235985685955,1.0,0.2582837588609823
137,0.9652002731985108,0.904339231207679,0.31402158044986495,0.9941314633183311,0.30140182810974125
138,0.9579083832962003,0.8852405182953413,0.2988184488058514,0.9866981949291371,0.31106626772573076
139,0.9638745264927246,0.900988637237707,0.30608954388868614,0.9659634646203816,0.29641039255821533
140,0.9598975677321127,0.8870833452565106,0.30608954388868614,0.9495317675326458,0.2966227613901421
141,0.9433262960686988,0.9048418204954176,0.31732629014560065,0.9428807361468239,0.30225146518340684
142,0.9900571808784906,0.8733455830378931,0.3199697657529921,0.9354475536578901,0.32094307596124283
143,0.9300699559167036,0.8778692108778712,0.3153434641745583,0.9342738979516605,0.314570959920215
144,0.9350409425180386,0.9063495879314276,0.2981577999375078,0.929970521579339,0.33676718175405096
145,0.9807772349250148,0.8922767661876514,0.3067503394460327,0.9303615112306347,0.3345369452231659
146,0.9429951417657287,0.8890937015530525,0.27105727316823613,0.9264494681106501,0.32338568132405465
147,0.9347089415567895,0.8845703996722301,0.28427684539619325,0.9295791883270024,0.34313929790128084
148,0.9519439330465147,0.6140056793696407,0.3021235985685955,0.9311440913853084,0.3358114008867653
149,0.5529090765300166,0.6714693478692344,0.2988184488058514,0.9354475536578901,0.3434578915591101
150,0.4541448842796614,0.6557212293540755,0.2948526501747637,0.9350564781063342,0.3137213228465495
151,0.49756126053745486,0.6310940359854365,0.29683576952381174,0.9362300479123036,0.2971538048059784
152,0.46342440690399833,0.6590718233240471,0.3041062778506354,0.9350564781063342,0.2653992871497731
153,0.4763501569453963,0.6798458334349751,0.314682521928209,0.9358388010099667,0.2411851974045749
154,0.4650814495154276,0.6463395656400635,0.34905355779230884,0.9338826505995839,0.23948600428952616
155,0.4451963750950618,0.6289161494991085,0.3325289824906108,0.9338826505995839,0.23417589404788863
156,0.4246480038078029,0.6029485556910652,0.33781666484639206,0.9319266719897217,0.20560747503454058
157,0.38785993848924094,0.5783213618952199,0.34310478650117626,0.9358388010099667,0.1909515999732273
158,0.400453969665576,0.5781538325598472,0.308733604716078,0.9413160048890383,0.18755313260464546
159,0.4206706220877716,0.5764785353612578,0.3153434641745583,0.9342738979516605,0.18702208918880914
160,0.4196764530140953,0.596414896659287,0.3272410067568243,0.9370124567161964,0.24936281263124038
161,0.43956223285978724,0.5632435251963539,0.3457489940175711,0.9334914891477677,0.2485131755575749
162,0.39747132121159345,0.5520188713279919,0.34905355779230884,0.9331002417956913,0.2542481042829441
163,0.40310546344686804,0.5686044758900746,0.34310478650117626,0.9327089948933542,0.2293967461898051
164,0.4034369002157445,0.611157674260201,0.32922412533786716,0.9334914891477677,0.23937977946362377
165,0.40310546344686804,0.6255655555291364,0.34839276223496274,0.9385773597745026,0.24245965306817419
166,0.35272891615182767,0.6186965114402501,0.32525832670677923,0.9389686930268393,0.23874259214796523
167,0.3577001848493493,0.6183614519150908,0.15736762812035643,0.9338826505995839,0.24001696667308015
168,0.3368205176564474,0.6047915454182089,0.1514182716092225,0.9323177475412776,0.23693709306852972
169,0.3232320356799694,0.6267382634399872,0.1567063932640067,0.9358388010099667,0.24978755008268982
170,0.3434492519248178,0.6270733225379392,0.13952072902695623,0.9264494681106501,0.26816056720269654
171,0.33052364311637294,0.6289161494991085,0.1686040825352757,0.926840543662206,0.2543542481827664
172,0.3384774194046436,0.6238902583305466,0.19107772250611266,0.9260581348583132,0.244902258430986
173,0.3003641715726679,0.5357681635250939,0.17587532353910795,0.8896741162657149,0.21909511936435921
174,0.32223800746952613,0.5863629511289825,0.211262235275963,0.9045407389443634,0.2406542350210209
175,0.2983752692329422,0.5562071141108618,0.20324992450201185,0.8795021173114643,0.2199447564380247
176,0.2861126748254834,0.5449824606697073,0.2079236872689012,0.8736338378808366,0.2288657838062511
177,0.3106380045036341,0.6012732584924758,0.22060961335273355,0.8850399685732666,0.2321580262427284
178,0.2983752692329422,0.6235551988053878,0.22194512072256112,0.8822791063233442,0.25116823067839367
179,0.281141406127962,0.596414896659287,0.21860671863649683,0.8724190071665896,0.26561173701398233
180,0.2970500863498089,0.6017758473530077,0.22461598877321332,0.8818847710592927,0.2820730301224489
181,0.3093125395243146,0.6366225164417378,0.25065552166529304,0.8889840079661246,0.2995964100625881
182,0.32555195145943183,0.6768302985629551,0.265344635843368,0.8964776660372686,0.32678414858643434
183,0.3275409950321104,0.6294187387868471,0.26734767724860764,0.8905617780738928,0.32370435601416614
184,0.29439831047233045,0.5987603129081953,0.24664943962281893,0.8767574681734991,0.32136789455117665
185,0.30301566535395996,0.6180263923899316,0.24464625229658155,0.8901670996585396,0.3246601368814518
186,0.2814727016638856,0.6185289816776702,0.2559968184675945,0.8909561992382047,0.3685216183779738
187,0.24103911472330775,0.5741331191123495,0.23796930220345525,0.876362961108927,0.3588572599004688
188,0.24269615733473704,0.6047915454182089,0.2713534659130763,0.8799126652377334,0.3800977008670189
189,0.2672214870128877,0.5788239511829585,0.2493201609844682,0.8807015075663571,0.3933729764711128
190,0.28545008338391686,0.5555369954877505,0.2339635135389866,0.875179869416512,0.3788232452034196
191,0.28411530996988676,0.5773161837469489,0.25332595041694206,0.875179869416512,0.3949660256863393
192,0.29279175938106294,0.60713696123991,0.2459817596664089,0.866108526688121,0.38530158617655197
193,0.3054729512543095,0.5845201241678133,0.23796930220345525,0.858614868616977,0.41769329104221364
194,0.11792236284445967,0.6057967235664798,0.24998784170888344,0.849938204303939,0.3977272247069804
195,0.10924549084358381,0.5319149802673828,0.2493201609844682,0.8523046453895495,0.35694561692121096
196,0.12459651127135718,0.5288994453953633,0.26200608783630597,0.8515158030609258,0.33421835156533675
197,0.13227216216361737,0.48869166284693843,0.2579998591048289,0.8463882424743514,0.32954542863935765
198,0.11658730770396275,0.443625518892532,0.2660121698787803,0.851121210545833,0.30373828957273086
199,0.10223708505566576,0.44111241011506985,0.2693505719648446,0.8495436972393668,0.2994901852366856
200,0.12593156641185388,0.4434579891299526,0.26734767724860764,0.8546709146746396,0.32158026327690137
201,0.11992438173255193,0.4551852318588461,0.2753596946445531,0.8578262835393946,0.3128716856666819
202,0.13627690499540757,0.43508134079823746,0.28070099144685456,0.8582206188034462,0.3185003895661487
203,0.1249299223438185,0.429887756673915,0.28737794077197587,0.8546709146746396,0.3103228554779677
204,0.09856617662547618,0.43658910823424746,0.29405489086510217,0.8523046453895495,0.31520814723587354
205,0.10924549084358381,0.39721897407151374,0.26133840787989615,0.8416557039041712,0.3048002954783232
206,0.10056847760975485,0.36991130535601524,0.2473172670362367,0.8503323682172095,0.3053313388941594
207,0.1896719243720606,0.3689061272077443,0.24064017025410744,0.8408669474758081,0.3027825087054452
208,0.15763454591011072,0.37577484533747496,0.24331089161575692,0.8641365926670823,0.3040568832305601
209,0.15463144751607572,0.37393201837630574,0.25933521978565377,0.8594038822963816,0.3023576901155114
210,0.15096025698969973,0.33774511204135305,0.2179390386800868,0.8507270466325625,0.3348555388809952
211,0.14328488782390592,0.4893617818972573,0.2179390386800868,0.8353453093259628,0.3046941515785009
212,0.13127080019176818,0.4521695342208525,0.20592079255266427,0.8270626371256748,0.2631690506188882
213,0.15796809821552493,0.46875530154890965,0.18989617100476197,0.8333730321536226,0.3087298061565391
214,0.2116975158164316,0.49036696004552827,0.196573267786891,0.8676863826961492,0.3573704355111448
215,0.2297186468949184,0.5144915645536345,0.20391789783642733,0.872024671902538,0.35747666033704717
216,0.33450694848659834,0.5133188566427842,0.14783260255278585,0.8803073436530866,0.4846006319772479
217,0.34652089488578297,0.4659072964394695,0.19724124112130648,0.9110706473652446,0.4907603789739442
218,0.3368428017762912,0.4990786679024022,0.24998784170888344,0.9229028518938187,0.48863636673795086
219,0.3431836796242411,0.5185124403398995,0.2993961868993984,0.9150146008578421,0.4926720218470001
220,0.34752211562467883,0.5211929156867599,0.32142963851700923,0.924480278850285,0.4742990860778823
221,0.33116973322505605,0.541799396035108,0.20992687459513837,0.9240859435862334,0.4485980909110777
222,0.3471884224560313,0.536270752812833,0.2633414485171308,0.9260577917070116,0.4996814066607774
223,0.3498578276814188,0.5039370297355914,0.2713534659130763,0.9213250817860505,0.4792905217356104
224,0.34885674780575604,0.3630424244603101,0.2780302700852053,0.929213075121246,0.5267629200401148
225,0.3428498452226403,0.4362540487090878,0.28737794077197587,0.9414394435630906,0.5129566822648713
226,0.3495244166089575,0.4369241673321995,0.3067408177169402,0.9477500958420799,0.5129566822648713
227,0.3571999266379844,0.40710339026644604,0.32677108124030796,0.951694135234938,0.5228334905003834
228,0.3415147900821436,0.410118924711258,0.18255183356522608,0.9442004771637942,0.49564567083805267
229,0.3365092494708768,0.4416149994028089,0.21994193339632373,0.9363123979283383,0.49458366472005577
230,0.3391787959292172,0.36991130535601524,0.20525296590725173,0.924874785914857,0.4650594645208156
231,0.31782073168537517,0.37493719652457624,0.19446299902462116,0.9497220298631184,0.4399957379143561
232,0.32316038879442877,0.38013078064889916,0.19041692694876633,0.9477500958420799,0.4621919593233831
233,0.3094776937163801,0.3863293801555181,0.21874075321678688,0.9386786672134284,0.4912914218587695
234,0.32549652418030806,0.3854917313426198,0.2558312895280017,0.9410452796498201,0.517310930182132
235,0.2991326372290126,0.3761099048626342,0.29966601325599207,0.9580045302628861,0.4615547726449377
236,0.2987986619641785,0.3945384987246534,0.26257533025577473,0.9552438398134842,0.471325356373154
237,0.35920222762226284,0.42402421669245527,0.2733651496813969,0.965103767169718,0.447429860285785
238,0.3428498452226403,0.4067683307412864,0.3064096139167565,0.968259050134213,0.4498725460436658
239,0.36354024066328106,0.44580340537886043,0.2935963917306996,0.963526168412731,0.4570942991583592
240,0.4079253995562966,0.43474628127307824,0.26931893091653913,0.9540604904202883,0.46644006450904596
241,0.412931504359936,0.45736311834517496,0.2828065715370718,0.9445948983281061,0.48937977898571383
242,0.4119300011551339,0.45032670725968327,0.3070841790402348,0.9639205036767826,0.4725998115057425
243,0.43862772250803017,0.42134357857962046,0.2902247380893199,0.9706255771200838,0.449129133795903
244,0.4286163588195906,0.4216788008707537,0.2902247380893199,0.9836407019902917,0.4642098277657566
245,0.4142662774042465,0.43826440543283685,0.2908990098347928,0.9789078202688102,0.4381903198672029
246,0.41660227155717244,0.42720728132705466,0.2969681920610818,0.9765070667514748,0.456350886910596
247,0.44496860035597985,0.4340761626499665,0.2956196478021311,0.978892122108675,0.4719626237652751
248,0.43562420041513583,0.44111241011506985,0.311130398573098,0.9796870548107279,0.46760829513433844
249,0.41159644884971947,0.4250293952679334,0.2962939203156092,0.9717372132881157,0.45242137665718885
250,0.4212741189997917,0.43960464310626746,0.29157328234827085,0.9721344651133614,0.4615547726449377
251,0.40592323980497125,0.4159826278858998,0.2760626782663067,0.9677622066265494,0.4436065734776514
252,0.43962894324692625,0.486681306550397,0.2706676218644928,0.971339704211829,0.46537805839104907
253,0.442316542382315,0.49706831160586074,0.30371223202084985,0.9717372132881157,0.47090053693360245
254,0.4755729024622064,0.48299548986208407,0.323269348245677,0.9645823044675568,0.4918223850919411
255,0.4695262276442911,0.4908695493332669,0.3441747161194546,0.9681596302523157,0.5289931567834042
256,0.46213589393705456,0.5087955543347547,0.3165253082859094,0.9621973345608772,0.63753182286674
257,0.47053393622575346,0.5228682128853497,0.3205715270507672,0.9586200946763788,0.6457094383058101
258,0.3637103309840286,0.5173395696630751,0.32529231170710826,0.9625948440869039,0.6031223308033921
259,0.3553117248726765,0.5067850348450316,0.3273157136995377,0.9594150273784317,0.6271240524600786
260,0.344226647640961,0.5389512281596938,0.33001280298544433,0.9582226710506128,0.6292480636340502
261,0.3462417827077,0.5344279258516638,0.33203576567887017,0.9546450880148125,0.5855989510756573
262,0.3391873989386023,0.5496732927403163,0.3212457995642448,0.9530550512599254,0.6009982378537227
263,0.319703856458768,0.5168369803753357,0.2949453752886535,0.9522600326576123,0.626911602383465
264,0.10941501697195832,0.5029318515873205,0.2861782259464565,0.9252307772815647,0.6236193595221792
265,0.1352811845775661,0.4769644201180445,0.2706676218644928,0.8942264293436901,0.6257433717581727
266,0.10034493394374877,0.5032669106852725,0.2841552624850252,0.9041635594464343,0.635089217822535
267,0.12016484969086072,0.5597252382706208,0.2828065715370718,0.9188708007133188,0.6628079996560156
268,0.028457156376421544,0.541799396035108,0.26999334935101493,0.916883426232926,0.659940494458583
269,0.05936243145143516,0.5490031736899978,0.2221125535471693,0.9045613262235024,0.6714103516969171
270,0.0912749917787723,0.5267213961430603,0.20255558401134466,0.9025738658428493,0.634345805574772
271,0.10706364987089434,0.5525214606157309,0.1728830667953707,0.8922387971625165,0.6659940169479835
272,0.11143057536783685,0.5525214606157309,0.14860545929220748,0.891841545337271,0.6984918650762543
273,0.15207741001819786,0.5753058274504075,0.15130298710911183,0.8914438644604636,0.6629141434496356
274,0.16148344298454598,0.5994304315313066,0.17085995664493647,0.8922387971625165,0.6567543953909171
275,0.17021771730757007,0.5982577236204563,0.1843474513444714,0.8906490176586708,0.6497450923528375
276,0.19104463658053872,0.6215448420816383,0.17558059461227526,0.8866740968973648,0.6338147616279247
277,0.20246636880599866,0.6153459170430708,0.15265167805706525,0.8815067339079796,0.68213679774951
278,0.18600566997436618,0.6361199271539983,0.1492797310376801,0.887866624575965,0.684579402793715
279,0.19070896873858678,0.6398055806491296,0.14523351227282233,0.893034073015871,0.6711979016203035
280,0.20347407738746148,0.6404756996994485,0.13174587088428447,0.9057536825513213,0.6653568292075162
281,0.2599094288969914,0.6662759269380931,0.13983845587100818,0.9152933035777788,0.6884026885398266
282,0.3042511483047847,0.6872174668116,0.128374217242905,0.9180756966604848,0.663126592464227
283,0.27905702180840697,0.6763277097024232,0.11218919472646549,0.922050874672832,0.655055202594475
284,0.2894707633562177,0.6907355905441515,0.10881724770708057,0.9188708007133188,0.6583474454557611
285,0.2958531060160854,0.7728264528395905,0.11488672254337007,0.9248331823050173,0.6782072864340808
286,0.3150009810236871,0.7666275273738163,0.0933064969361137,0.9172808498586922,0.6675870659508057
287,0.3291097481921632,0.7545653883129444,0.07779589285415,0.9148601953648214,0.6738529567411223
288,0.351616558019058,0.7815379975032832,0.07779589285415,0.9216736097243827,0.7721963024944106
289,0.35564781567404835,0.7817055272658631,0.091957660067163,0.9116537864543017,0.8020390965638845
290,0.3606865001840345,0.7485343185689044,0.11218919472646549,0.9064435331501304,0.7922685128356682
291,0.3764751579064365,0.7559056259863741,0.11690953931579862,0.9216736097243827,0.793542887254581
292,0.3657253251875341,0.7396549181834766,0.11825837695275498,0.9216736097243827,0.7890824148300241
293,0.37916261617859215,0.7487018483314842,0.14051302099448648,0.9188680559526454,0.8327315273884169
294,0.36942063327410546,0.7374770316971477,0.13983845587100818,0.9140584859867358,0.8058623823099959
295,0.3479218141248597,0.7401575070440081,0.13107159913881183,0.9084474634440427,0.7953483056203406
296,0.3744593174143718,0.7373095023617755,0.34012864327559433,0.9060428502616082,0.823067087453821
297,0.4036849840316459,0.7381471507474666,0.3003402857694697,0.9004317422683943,0.8445199784969849
298,0.41477062545573395,0.7587536310958143,0.34118787918876814,0.9252806160729035,0.963678865063596
299,0.36807697475450407,0.7595912794815054,0.3643344730080684,0.9084474634440427,0.9826889885731814
300,0.36001502326717705,0.7433405716786079,0.3622924668564569,0.8956223436532658,0.9819456570390938
301,0.39226353390237234,0.7679677650472461,0.38816222373990983,0.904439774656739,0.9999999999999999
302,0.3808422246363321,0.7420003340051773,0.377269571483299,0.9040388340674359,0.9551826557542925
303,0.346578014742025,0.7433405716786079,0.39020466919052454,0.9092492587223884,0.9500849955892684
304,0.3506088494375956,0.7460210470254678,0.3507189502973054,0.9036380652786538,0.9560322935713735
305,0.3270940489330514,0.7358017349257655,0.3125942265641539,0.8896105527715297,0.8733006846727641
306,0.34892938184308897,0.7533926804020936,0.31531768300631247,0.8952212317131818,0.8791418388612492
307,0.3291097481921632,0.7468586958383665,0.27515080643254675,0.8988285807632648,0.8546091550334126
308,0.3331407241206865,0.7433405716786079,0.25200392000324623,0.9028365272513492,0.86172468364081
309,0.33817969035713946,0.7435081014411873,0.26493931108847724,0.8916143971651813,0.8643797387616289
310,0.343554606531731,0.7406600963317471,0.2901283503583918,0.8988285807632648,0.8600254090686702
311,0.33515642337979834,0.7373095023617755,0.2799165616363166,0.9012332798459592,0.8579013978946989
312,0.31533707182505877,0.7363043237862974,0.3044251766706991,0.9088483181330853,0.8418649233761663
313,0.28241637958711974,0.7218964429445691,0.3085097749619279,0.9060428502616082,0.7983219546113932
314,0.2767055134743899,0.7064837094865175,0.30374431236815824,0.9092492587223884,0.8498300887386224
315,0.2743538642771395,0.7026302002696512,0.3105520737235399,0.9148601953648214,0.8820093440586815
316,0.2516838749314838,0.6920758282175821,0.2880859049077773,0.91285635052143,0.8488741457005698
317,0.2587891728104432,0.7039704379430813,0.33097565116769,0.9112531035657798,0.8177569772121834
318,0.26318811382135987,0.6813536008709846,0.31872156368400306,0.9136578885487345,0.866716200012214
319,0.2608193990988532,0.7043054970410334,0.3289336450160787,0.9144594261262993,0.8324129335181837
320,0.24830011749638903,0.7234042103805782,0.33301824330730745,0.9156617329423862,0.8238105804152599
321,0.24863860630020485,0.7011224328336412,0.33437967853438355,0.9048405434455216,0.8471750336178038
322,0.24322476380965297,0.6863798179987013,0.3255294717283874,0.8964238816805703,0.874468915298057
323,0.2472852160167538,0.7034678486553427,0.33710313420853666,0.89963020424109,0.717608294868833
324,0.24660838001179486,0.6838668724144208,0.3466339127070732,0.907646011766738,0.715802876503073
325,0.2557440450423978,0.6885577044850302,0.37454655434014383,0.9140584859867358,0.7013593702736868
326,0.2638646677301324,0.7123472494679777,0.3350605420689192,0.9248798468343815,0.6861724517965372
327,0.26521819887681675,0.6907355905441515,0.29693625840277615,0.8960231124420484,0.6851104456785403
328,0.2675867727360899,0.7190484378351285,0.33301824330730745,0.8960231124420484,0.6946686611058407
329,0.280782890343513,0.7260850116865947,0.3759079895672204,0.8920152518542241,0.6997663212708646
330,0.2750308411453317,0.7756744579490307,0.3520803855243817,0.8844002135670981,0.6858538579263035
331,0.33931940960166784,0.7924277546124601,0.37795043501783465,0.8771861158692753,0.6974298600202796
332,0.3521773208711816,0.7860612998113132,0.4133515563878303,0.8735788522697128,0.6985980906455721
333,0.3609746383309218,0.7827107058413412,0.4038206319682962,0.8715749219758009,0.6956244416545198
334,0.3487938455322732,0.813201764723388,0.4133515563878303,0.8735788522697128,0.6925445681561714
335,0.31867978740765546,0.8177250670314171,0.4147131375359039,0.8831978208507509,0.6872344579145339
336,0.32307816422619906,0.8577653198172626,0.43854103495674823,0.8819953426838831,0.7062446621377948
337,0.3217247743124676,0.8622886221252926,0.44602966061467075,0.8827971379622288,0.6787383303809281
338,0.31461919396760174,0.8065002503970815,0.44602966061467075,0.8767852611802323,0.6296728820115799
339,0.32747696400416215,0.8465405031829261,0.48755753234850396,0.8711742390872788,0.6502761362996846
340,0.32138642674160467,0.824258725635989,0.5297667076838815,0.861956039295023,0.6342395800054542
341,0.32138642674160467,0.8296196767569173,0.5243206741655764,0.8687694536545842,0.6152293757821933
342,0.3176641808724141,0.8165523591205672,0.5352134731111902,0.8447222037776398,0.6020603246853952
343,0.3200328955949203,0.8249288446863079,0.5495097134354912,0.841115026078338,0.6249999595104095
344,0.29600909300639344,0.8369913097063355,0.4399023234948216,0.8355038326346031,0.629354288141346
345,0.2966859290113524,0.7987938838816593,0.4330947088284427,0.8102541900413118,0.6583474454557611
346,0.2753691887161944,0.8405094338660932,0.44739124176274436,0.8130598297133094,0.7466015328969237
347,0.28348967054069574,0.8532416915500773,0.4718997101081239,0.8359046873236462,0.7745326023176443
348,0.28619645073787825,0.9051768800205777,0.48279221644373727,0.841115026078338,0.8063932637674694
349,0.28991883747030234,0.9251132413186065,0.47870776484151123,0.8451228871159018,0.8247663620259605
350,0.2767225789996457,0.9172390190814497,0.48891940687458324,0.8270874281206935,0.8453696152520437
351,0.29600909300639344,0.9445470137561038,0.4998120591311941,0.8134605126018315,0.8486618581133295
352,0.28179821478256795,0.9348299645577773,0.5032160864978876,0.811857436996962,0.8058623823099959
353,0.28044440153969696,0.9383480887175359,0.5154704673595805,0.8082503451979204,0.7645497310021877
354,0.28112137877760923,0.9564416234816036,0.532490017437037,0.8090519691254852,0.7522302359467729
355,0.30074624035521946,0.998994821851729,0.576741638223029,0.8226787123940871,0.7516991930619475
356,0.3156342366801903,1.0,0.556317914089876,0.8290913584146054,0.775276095279083
357,0.2273215839088607,0.9772156331653239,0.548148278208415,0.8330992190024296,0.6959430355247532
358,0.20363612889119698,0.9577818611550337,0.5202356365753444,0.8310952887085175,0.6772514241097042
359,0.23442744598019294,0.9803986977999233,0.5202356365753444,0.8210756367892178,0.6441163882409661
360,0.2439011764854726,0.959959747214155,0.521597364412421,0.8174684590899157,0.6504885046006005
361,0.27435358218095307,0.9862625637405382,0.5086622659371904,0.8314962292978205,0.6429481576156738
362,0.2949940502938051,0.9572792718672942,0.52568196270365,0.8715749219758009,0.6153356002894891
363,0.289241719369157,0.9527559695592647,0.5631253828352571,0.8519362160249422,0.6374255972974224
364,0.30040803401730987,0.9572792718672942,0.7088150502904584,0.861555270056501,0.6540993402700982
365,0.29228712923338906,0.9512482021232547,0.7687247859268309,0.8817545552594683,0.6570730699748263
366,0.29837766686566636,0.935667613370676,0.7625977421849877,0.8943805775856697,0.6324341627017164
367,0.3240932069387876,0.9747026875810425,0.810253097727673,0.8862240897195863,0.6773576496790218
368,0.33898120326375825,0.9254483008437662,0.7755326939712153,0.8588998330611239,0.7017841886512161
369,0.3528538747799541,0.9447145435186837,0.8455313175214854,0.8446261290587591,0.8017205026936506
370,0.3954874962335031,0.9613003108467408,0.8633739687778466,0.8352460603451071,0.8191376579140898
371,0.37214095297907446,0.9597922174515756,0.8702366617087525,0.8360618380270799,0.8260407364448737
372,0.3816149655805403,0.9730273903824531,0.8750403571398904,0.8376930497899842,0.808942175094668
373,0.3471019668147257,0.9380130291923767,0.8764130712920721,0.8213801595083383,0.7626380074154565
374,0.34608664200595096,0.9616353703719001,0.8352372040126199,0.8160784638029881,0.8053313383631487
375,0.3443950453845903,0.9298040733892159,0.8448448867168907,0.8136315602583715,0.74638908282031
376,0.34101128831921534,0.9405263007358129,0.8469038849846644,0.8132234998417343,0.715909102072391
377,0.35962124841719034,0.9229353552594852,0.8571975591945269,0.8311678595870653,0.7154842826328395
378,0.37563514201299686,0.9515832616484143,0.8558251376523458,0.8270894865787635,0.7417161592571179
379,0.33917780840770506,0.9085274739905489,0.8722953673665255,0.7846759200364841,0.7298215643549303
380,0.36064362489118484,0.9375104399046381,0.8784717769498447,0.778150643933305,0.7682667104653057
381,0.36132497406540565,0.9003185181873885,0.875726933865483,0.7736647254601883,0.7546728420530001
382,0.3408813931926873,0.901323696335659,0.8750403571398904,0.7875307980974777,0.7797365687656618
383,0.3310006300561017,0.9430392463200943,0.8880796063431187,0.7956871146127802,0.793542887254581
384,0.31839376479730586,0.930641721774907,0.8702366617087525,0.8042515774449799,0.7956668994905746
385,0.33474854482965277,0.9656560833921906,0.8208259725662135,0.8038436029286029,0.8046941516847034
386,0.3224825652679577,0.9822415247610925,0.8057278710162095,0.8054749005917676,0.7659302492147203
387,0.3207792629488817,0.9633106671432823,0.8084731533995746,0.808329778652761,0.7683730167482993
388,0.3320223014744901,0.9770481038299512,0.8036696054254446,0.8103690508323025,0.7641248308489607
389,0.3446294488294719,0.9643158457187604,0.8249436764917597,0.8001733762371985,0.7995963290303058
390,0.3517848148994538,0.9723572717593418,0.7707288526190799,0.7683629438545778,0.8041631077378558
391,0.3500808071550521,0.9852573855922673,0.769356284387896,0.7487874582466028,0.8471750336178038
392,0.36200646447257956,0.9693417368873218,0.7995517548108957,0.7491952614121986,0.7971537239861007
393,0.36302855885038765,0.9693417368873218,0.7968067650375308,0.7553127347995214,0.8357051753174475
394,0.30374271041317447,0.9373429101420578,0.8125908573251213,0.7634691367653443,0.7882327770129435
395,0.3388372044370713,0.9386831478154885,0.8002380389264876,0.7528656594543841,0.820305888539382
396,0.3943751381007332,0.9269560682797757,0.8187671202194378,0.7561282547807133,0.7942862187886682
397,0.3674579636613935,0.9112079493374097,0.8270020887715273,0.7491952614121986,0.7461766327436966
398,0.33747422399244287,0.8782042704030308,0.8167082686406673,0.7524579421890485,0.7137850091227217
399,0.34667377881804096,0.8761939141064894,0.8215121099928027,0.7622456422677757,0.716652514320154
400,0.36200646447257956,0.8683196914421245,0.7906303562222163,0.7630612481492278,0.7455394450032292
401,0.37393155722801485,0.9534260886095836,0.8002380389264876,0.7569440324626859,0.7805862055207206
402,0.3947158833043203,0.7897469533064445,0.8057278710162095,0.7540891544016926,0.7667798859697795
403,0.41141126767702096,0.7165354922508476,0.846217454948075,0.7602064559884945,0.7601954013092292
404,0.3838126028305069,0.6775004176132735,0.8276883728871192,0.7434857625412528,0.6756584558205577
405,0.38858261161214647,0.7321160810034266,0.8324923609282573,0.7394076472337316,0.6966864477725166
406,0.4189070968544033,0.7101693629816488,0.8716092299399363,0.7459327519861296,0.7198385316121222
407,0.4274251612728277,0.6878875854347113,0.8867070381119349,0.7369604864380737,0.720794392874477
408,0.4148184368772654,0.7275927791226047,0.8352372040126199,0.7353291887749092,0.6992352773240175
409,0.3899454511935414,0.7158653732005291,0.7981791865797114,0.7210554847725443,0.671622721059855
410,0.378020217205153,0.7138550169039877,0.769356284387896,0.7128989964567214,0.6657816475850459
411,0.3855164693419555,0.736136794023718,0.7659247186569442,0.7104519215613236,0.6625955495794017
412,0.42061082250261905,0.7441782204915062,0.800924468963077,0.7149381831857422,0.6941376171589936
413,0.4274251612728277,0.7301057247068852,0.7892576413020294,0.706373634453282,0.691907380415704
414,0.437646951709187,0.7401575070440081,0.8146495629828938,0.702703322311357,0.6937127987814641
415,0.44446143171234853,0.7487018483314842,0.7645525897247634,0.7104519215613236,0.6718351700744464
416,0.45161693864556396,0.7153627839127901,0.7576897501048543,0.7096364015801317,0.6907391497904117
417,0.4611568157153294,0.6960965412378726,0.7316118369183982,0.7084127352820426,0.7059260682675613
418,0.47887471742525767,0.716032902963109,0.5655366781674123,0.7018875446293843,0.8471750336178038
419,0.5163542866413104,0.7840509435147713,0.5607326908942791,0.7128989964567214,0.8380416376300545
420,0.496592196175766,0.7815379975032832,0.5627916891620526,0.7369604864380737,0.8446261222906052
421,0.49352563057643595,0.7617691659678343,0.5367137767436019,0.7210554847725443,0.8160577026400438
422,0.4955696784688186,0.7632769334038443,0.5099495794415538,0.7279883922407986,0.8215802629582948
423,0.5967646417963235,0.8033171861896888,0.48867536168623604,0.6912842391189444,0.8054374821567688
424,0.5892688126189412,0.8118615270499578,0.5154394122992809,0.6831278367033818,0.7536109166486792
425,0.5926762642850916,0.8492209785297868,0.5161256964148728,0.6790496354956005,0.7057136181909477
426,0.6028979134884977,0.8215782502891287,0.5646103048585169,0.686798148845307,0.6865972701740665
427,0.5844988034675818,0.7036353784179221,0.5244374232516995,0.6949546371611299,0.6912701119615611
428,0.5916538878110971,0.5741331191123495,0.556991014627342,0.7010721959989733,0.6505947291078963
429,0.5844988034675818,0.6513654568086253,0.518203591451829,0.6977590760284414,0.6441163882409661
430,0.5919946326449645,0.5850227134555523,0.5251298590893458,0.719598322677895,0.6361512228785097
431,0.5998309249297478,0.5260512775199491,0.5375972300790868,0.7088847023441665,0.6222386788202728
432,0.6189119483172578,0.5679343568397561,0.541060436858344,0.713829463578904,0.5986618573168133
433,0.6134601670322577,0.5320825100299627,0.541060436858344,0.7315483904589142,0.600573501251891
434,0.6144824022732989,0.5414643369371559,0.5784626949805585,0.7364929798931312,0.5559685263691213
435,0.6086900170176652,0.5662590600683739,0.541060436858344,0.7463825878131272,0.543649112027382
436,0.5998309249297478,0.5679343568397561,0.5514499120431238,0.7389653602856303,0.537914183408215
437,0.6005128386660612,0.5927292431641558,0.574306758217644,0.7158898375396672,0.5502335977499543
438,0.6025570274216774,0.5836824757821222,0.6124018914765081,0.7105328130718916,0.5802888408340195
439,0.6274300131054011,0.6215448420816383,0.5597613462699498,0.7080606040301736,0.6185216186434795
440,0.6553694231555025,0.5893784860010025,0.5535279537690823,0.7241312488316776,0.6020603246853952
441,0.6461697270969511,0.6078070798630213,0.5673804898121215,0.7336086789691565,0.5766780051645221
442,0.6615024127514899,0.6131680309839496,0.5057360745410906,0.7204225064424084,0.5876168184560085
443,0.642648740773923,0.6078070798630213,0.43508764251658394,0.7228949727351677,0.5848555388278941
444,0.6772704793008866,0.5880382483275719,0.4475551594273224,0.7167140217539201,0.5968563582373777
445,0.6546466087996436,0.5582174708346108,0.48218649915091794,0.6771559336749773,0.5893160123144728
446,0.6882394830100464,0.5511812229423008,0.5064289504457455,0.6742714614002215,0.5975997704851407
447,0.6875543257221692,0.5773161837469489,0.49950253535122036,0.6623215649699832,0.5641461407461691
448,0.6957812901686093,0.5719552330532283,0.5091995746983533,0.6614973807557301,0.5759345929167589
449,0.6937244081937659,0.5860278916038228,0.47110444143948915,0.6586129943812347,0.5927144796830547
450,0.6375072405227011,0.6188640407756227,0.4801087508029649,0.6742714614002215,0.6170347941479534
451,0.6556751910200185,0.636957575539689,0.4461699936060186,0.6672663257549812,0.6068393920422074
452,0.6392211208941858,0.6315966248459683,0.4600225296490579,0.6643818534802255,0.6015292818005699
453,0.6724716985568366,0.6584017047009354,0.4953467452773086,0.6833367133054439,0.5922896602435032
454,0.6639017325070387,0.7066512392490969,0.5071213862833919,0.6936384990079569,0.5914401042021201
455,0.6409347195392043,0.6503602786603548,0.543831207799955,0.6314168087145265,0.5838997582792153
456,0.6375072405227011,0.6543809916806453,0.554913266279389,0.6136979672850371,0.5898470551992981
457,0.6495045447257692,0.6520355754317366,0.5223593815257408,0.5976275801843142,0.5952633910102535
458,0.5449540313634871,0.6041214263678905,0.5618393879959083,0.5902105244573378,0.6059897552871486
459,0.5103324340694768,0.4392695835811078,0.5452165203102615,0.5683712778078843,0.6135301012100535
460,0.5411835507436256,0.4778020689309428,0.4780308557660091,0.5527126389883769,0.5919710674352917
461,0.5692923460588677,0.5079579055218559,0.4392435785114934,0.5424111968869051,0.5814570714593122
462,0.5864317143358106,0.4623890095137364,0.4219278356891967,0.5366422518876539,0.5252760955445884
463,0.5888310340913594,0.43089293482218594,0.37829174576711133,0.5333456872809018,0.509876807704501
464,0.5884884554474206,0.47579171220719374,0.39214442849915354,0.541587184023433,0.49468988922735135
465,0.5699779263061644,0.2211426406095507,0.41153836050441694,0.541175006240916,0.4984069504661671
466,0.5778620303821995,0.25364389344937255,0.3893740976245512,0.544471399496887,0.5271877384176441
467,0.6008286200208941,0.21980240293612052,0.47456779490774914,0.5407628284583988,0.4936278841713767
468,0.5806042105081528,0.20841021973238583,0.48495727009252887,0.5354058898908839,0.4724935869984467
469,0.5418694130871087,0.12095824397725208,0.4627928605236602,0.556009203595129,0.4912914218587695
470,0.5463254739542673,0.10252981288120688,0.5230521107413926,0.49543596718072547,0.517310930182132
471,0.5552378777847702,0.11392199608494158,0.5168181322525196,0.4492846644377577,0.49511470760488085
472,0.5490676544499404,0.1517841996184841,0.47387506569209714,0.4641190331427518,0.49638908308581564
473,0.5764908695178863,0.2033841653706432,0.518203591451829,0.4637070271607554,0.5095582148962895
474,0.5576373387732718,0.1903166849683191,0.532749003399523,0.4620587446325095,0.4988317688436966
475,0.5398122490160793,0.13603624386929924,0.518203591451829,0.45258131494477016,0.42958788615680576
476,0.5548951582775983,0.1517841996184841,0.49742464031426437,0.446400363513783,0.42958788615680576
477,0.5514671154384421,0.21812694297155666,0.5161256964148728,0.4595863642400104,0.43011892957264186
478,0.5614081011195999,0.21879722478784958,0.5029657428984828,0.46123464676825643,0.42778246810965237
479,0.5675783244544301,0.21611658624780805,0.49119095520339684,0.45835008814350064,0.4180118847000428
480,0.5987721610054701,0.23655553683357589,0.4953467452773086,0.4702999845737389,0.39645285007566333
481,0.6117977649630073,0.22985434846642505,0.517511154846177,0.473184371397974,0.3978334495328827
482,0.6217386097809317,0.268386671050286,0.538982541821388,0.46535522333900126,0.4300127046405374
483,0.6234529134815561,0.2419166507204782,0.5333901695106782,0.44846073792428576,0.4188615217737083
484,0.5970578576745655,0.26034508181652294,0.5606530026695125,0.4513452101990414,0.3736193598938867
485,0.5816325106323412,0.25665942832139166,0.563449115480366,0.4435158053387669,0.37393795344551384
486,0.5456398937069706,0.13871671921615958,0.7521901029080342,0.44454509194050384,0.3747875906253815
487,0.5754625693936974,0.13838165969100036,0.6403435375958599,0.44661996280697636,0.3858326295923883
488,0.5953439773030809,0.14943878379678255,0.6284600579577313,0.44661996280697636,0.4044180154381197
489,0.61591138841918,0.16351144234737758,0.6480332877007142,0.4441300830473135,0.4115335437269104
490,0.6248237922496833,0.146423248924763,0.6508294005115678,0.45491944807182516,0.3918861520817888
491,0.6313367350916845,0.17624402641772363,0.6347511652851503,0.4486949200234489,0.420560714888757
492,0.5854031321154363,0.17590880369938322,0.60539139439918,0.4437149887036025,0.39793967446498735
493,0.5950012574261891,0.2251633536298412,0.6270618552473044,0.4511847138828514,0.40261259739096633
494,0.5946586787822503,0.2251633536298412,0.6620138517549818,0.4486949200234489,0.3723449042302873
495,0.5658643032197115,0.2697269087237162,0.6571206545279893,0.4416401173873903,0.3878504163652662
496,0.5535239974132851,0.25665942832139166,0.6724994212926838,0.4358305123319439,0.3773364208140957
497,0.5638075621081016,0.25866978461793355,0.5921098579716217,0.43666044376832447,0.40208155397513023
498,0.5452970329668454,0.25364389344937255,0.5592549458800831,0.43790538364815623,0.3962404003176564
499,0.5555805976616619,0.24057641304704802,0.5473711736319542,0.44019582279194225,0.3918861520817888
500,0.5699779263061644,0.23521529916014572,0.5746337134127828,0.43810585371793787,0.4036746032965587
501,0.5730626854457763,0.23856589355732494,0.583022345223349,0.43727017505942944,0.3916737022175797
502,0.5562663191419115,0.2157815267226484,0.558555771564371,0.4410316728012317,0.384558173928789
503,0.5572946188963801,0.2690567896733973,0.5963040275719047,0.4631835914510446,0.4501911399138997
504,0.5590084992678652,0.29150609698291463,0.5886145708450561,0.4702890046315663,0.45114700223827653
505,0.5862662780475589,0.2928463346563448,0.5865174856609121,0.4861716173611883,0.4241716320153458
506,0.5910970739358632,0.3313788200061798,0.5984011119880435,0.48658954236583307,0.43914610073448845
507,0.5917870264891887,0.36522031051943094,0.5648470255807925,0.47572254599298847,0.4493415031588407
508,0.5897166046368394,0.3353995330264703,0.5739346850180682,0.48742530692460173,0.4013381418335692
509,0.5952373530784691,0.3132852852421131,0.5410799196155325,0.5028898228490585,0.40484283402805354
510,0.6111092228906134,0.3303736418579093,0.5487693763423811,0.5066514923913813,0.3670347939886498
511,0.6228406723271984,0.3819736076100684,0.5683423127073586,0.4957844955687971,0.37776123929782734
512,0.523124621733924,0.4221813901584932,0.5872163673666237,0.4727966410094344,0.35206032526950715
513,0.5897166046368394,0.4325683952139565,0.5767307978289218,0.4368520787040038,0.3378291876596432
514,0.5890267933164668,0.3746021374266246,0.5802262324124956,0.412610577306488,0.35492774911605063
515,0.6045534047557619,0.41950075161845124,0.5627499403966485,0.3912944232154437,0.3680968808203223
516,0.6390575180462856,0.4345787515104984,0.5767307978289218,0.38753288274838116,0.3778674642299319
517,0.6442327263885996,0.43089293482218594,0.6501303721168532,0.41762597913748445,0.3837085368551235
518,0.6556189174523355,0.46808518249859077,0.624265742436451,0.39881780457561,0.39124888373384803
519,0.6473380767012173,0.4925448465318567,0.600498343093185,0.3879507650277655,0.3797791072091897
520,0.6725261386841677,0.5190150296276386,0.5935077680720482,0.38586092502902136,0.39305438281328364
521,0.6787368396791229,0.5350980449019827,0.6011973714879,0.3921303591249934,0.3721325355045627
522,0.6625201348232692,0.49019943028294843,0.5739346850180682,0.3783377150196361,0.36108749643135374
523,0.6155946195428355,0.410118924711258,0.5809251141182075,0.38753288274838116,0.3376168189339186
524,0.6224954139543493,0.3967163852109823,0.5536624276483757,0.3812633195771489,0.33103225302868167
525,0.6459580307313333,0.36555537004459104,0.5054286013351348,0.3653809213733078,0.2912064262164
526,0.5590084992678652,0.28011391377917993,0.4362236359464895,0.3348698140792995,0.2850466789010969
527,0.5569382186484693,0.33808017156651227,0.4851566365754427,0.3499164481741114,0.31446473498811045
528,0.6166298304690097,0.3193165177521262,0.5250018310781177,0.3490804690895618,0.2956668993843721
529,0.6186998289922196,0.2482827795624698,0.48655454667586917,0.31564371496251975,0.2699659852498498
530,0.6190450873650688,0.27843861658059055,0.4676804920166038,0.33612376134349375,0.2761257325651528
531,0.6349166747113069,0.2928463346563448,0.4823602311545889,0.3311082308869765,0.3081987627407029
532,0.6594143611815122,0.13235042718098677,0.5368854574052493,0.3248387963412649,0.313615097914445
533,0.7104800151110386,0.1671972590356905,0.6088869749037513,0.3344518463493944,0.315101922303769
534,0.8357289627309736,0.1655219618371011,0.6522273098439892,0.3323620490759106,0.2877017340219158
535,0.8350387280814613,0.2037192248958024,0.685781543708248,0.3407212804453663,0.2923746569478948
536,0.779487819102386,0.1517841996184841,0.6249646241421629,0.327764486799038,0.28685217798053253
537,0.7511942652041448,0.17557374460143116,0.5718376006019292,0.3173155867816193,0.27835596909603777
538,0.7308374220689182,0.1517841996184841,0.5536624276483757,0.3227489995175208,0.2834537106119507
539,0.8001897793775088,0.15446467496534444,0.600498343093185,0.3225298715514101,0.31117249255163315
540,0.8236525370177255,0.14240237271129086,0.6039933376097506,0.3292746614972618,0.30830498767280745
541,0.796395040703938,0.12631935743694678,0.5382838068046789,0.32295135669459163,0.29810958567326395
542,0.7398086383327818,0.09214280782574313,0.496341088586862,0.3065105667719723,0.2831351169541214
543,0.7222111824514372,0.0,0.4823602311545889,0.3027165155299537,0.26115118281372796
544,0.7387731456801405,0.058636376410443614,0.4516026968571949,0.3069321378154143,0.2985344042631978
545,0.7612008336271359,0.0871167534640005,0.5291960006784007,0.31957891877153566,0.3448385720486118
546,0.7146204351168781,0.08678169393884083,0.5270990621832592,0.32885317680381976,0.34611294667992887
547,0.7363580296473149,0.12363888209008689,0.7340149299544807,0.3233729277380335,0.35259128765306114
548,0.7587851534019374,0.12363888209008689,0.6599167673388429,0.32379445560647546,0.36023785935768826
549,0.7991548505475201,0.1671972590356905,0.6613146766712643,0.34150000093494115,0.37946051355136057
550,0.78293786359548,0.14776348659819316,0.6845850506647535,0.3482448763313136,0.3817968939820676
551,0.7563700373691118,0.15412961544018478,0.6429808599451865,0.3200004470897171,0.3837085368551235
552,0.7546448742593315,0.16284132329705914,0.6027871776841709,0.31325557124360504,0.3585386662426395
553,0.7415335197160955,0.1524543182415954,0.6091333632761173,0.3170495797603634,0.32062448230341356
554,0.7536100862925763,0.15446467496534444,0.6331087714653783,0.3149417258923728,0.3348555388809952
555,0.7353229599540931,0.14709336754787428,0.5654140699692352,0.3048243266726839,0.294923487136609
556,0.7477443615742838,0.07639468888337708,0.5731706173307303,0.2866973393760366,0.3027825087054452
557,0.7363580296473149,0.0747193916847877,0.5477851415179316,0.2968147385957254,0.3216864882090059
558,0.662174735587187,0.08343109954166161,0.5019503063247308,0.2744720858386176,0.2840908979276092
559,0.5969627986541557,0.038532485349835,0.5238100259386709,0.2626684892449007,0.2608325891558987
560,0.6431979384218449,0.07036361913933753,0.5442595312400698,0.25508038631112384,0.29598557407448356
561,0.609038942271217,0.0549505601493383,0.4927831053516918,0.2782661375303759,0.2817544364646196
562,0.6145594086166604,0.09482328317260347,0.4991297302426412,0.288383579475325,0.28101102421685653
563,0.6380220253936444,0.12631935743694678,0.5174638403467244,0.2799523776296643,0.2637000940347245
564,0.5948923768018064,0.08008050557169,0.4582305737188457,0.26477634311289133,0.23428203794771096
565,0.6214603442611275,0.11392199608494158,0.511822541493542,0.2651977855308125,0.24840695062547036
566,0.6287061149493045,0.16987773438255083,0.5357976570728025,0.2715212189590035,0.2706032535977906
567,0.6193305457830456,0.14675830844992221,0.5477851415179316,0.277844566486934,0.2609388139818011
568,0.5696749790337923,0.11191163936119253,0.5245152068234453,0.26224691820145885,0.0586235813837378
569,0.5557852419923406,0.11492717423321208,0.5125277223783165,0.2525510468502119,0.07285471899360174
570,0.5811338041348613,0.19768815515176286,0.5435543503552953,0.26182530443275664,0.10216655025471288
571,0.5453681156600134,0.18864138776972927,0.5513108977167904,0.25845290968470047,0.08273152733531586
572,0.49883736238135823,0.21042057602892772,0.5781070279091387,0.26730563939880325,0.1203271175105105
573,0.4922397973384025,0.18562569013173524,0.5625932012771451,0.2803739913983665,0.12340699122126308
574,0.3335494489593913,0.21779188344639744,0.5900943656652649,0.27362898737647334,0.12606204634208185
575,0.2745180313174125,0.2539789529745313,0.591504580745811,0.2930206869039672,0.12765501452502603
576,0.2717400271941093,0.25096341810251177,0.6077231481955714,0.2875403951129205,0.12287594769922472
577,0.24778067859295017,0.21142575460440582,0.582337672382772,0.3014518887496279,0.11204335849022484
578,0.2325017280101367,0.18864138776972927,0.6366345276642373,0.3246375972436196,0.10545879269119018
579,0.22312615921359757,0.34679171623020544,0.638749922861553,0.32379445560647546,0.1023789189804375
580,0.2467385568647893,0.34813211709681635,0.6070182606888022,0.3305394169031083,0.04088783261167184
581,0.2529890304642637,0.37024636488117446,0.7085601662440137,0.30398122776080017,0.04768480781187556
582,0.2627119731701901,0.4292176380508037,0.7388816133362184,0.3178927645725076,0.04364911266459515
583,0.270698469658321,0.44764623191282293,0.7156118253307351,0.3178927645725076,0.047366173584804105
584,0.26583735083316085,0.4208409892918814,0.6754179963807168,0.3048243266726839,0.03653354391276431
585,0.2852826724223603,0.44999164816173076,0.6789437525795761,0.30398122776080017,0.02495750188675916
586,0.2439609764403452,0.44060982125453796,0.6098386900818893,0.3094614768265864,0.0270815541609839
587,0.24222438898959653,0.38800467692690077,0.596440844635217,0.2989224638381953,0.041312651201605655
588,0.23805773588702372,0.40576315259301543,0.6641355461313596,0.30608903890353045,0.03855141171792453
589,0.23771036197763684,0.429887756673915,0.6768283573822607,0.3048243266726839,0.04641035214827627
590,0.2102778384749806,0.2559893092710732,0.6874056267468434,0.31325557124360504,0.04641035214827627
591,0.22972386548950618,0.2727426063617102,0.6570840329656364,0.32801007789193604,0.06212827357822204
592,0.2318072622875491,0.3075892750232323,0.6845850506647535,0.33096098794655016,0.07189885698783172
593,0.2564614999404353,0.3183113396038557,0.689520876023161,0.3271669362547919,0.0844307204503646
594,0.2620176486805559,0.3310437604810206,0.6789437525795761,0.3318040864086944,0.09260833557082793
595,0.2717400271941093,0.30189310203837794,0.6859954124343024,0.3318040864086944,0.09271456050293247
596,0.26861493162732497,0.30021780483978855,0.6958675009141106,0.3452939662766995,0.09048424283356316
597,0.28701897777692276,0.29619709181949805,0.6817643286616659,0.3452939662766995,0.08644858825552493
598,0.2859771381449481,0.28480490861576335,0.6775333915780324,0.3427646704405273,0.0990866765439602
599,0.26965677125929943,0.26872173057544524,0.6923417447152513,0.35498988080294636,0.08804163757695349
600,0.2731290998722373,0.2633607794545174,0.6930467789110231,0.3562545503085325,0.08559895118185934
601,0.2786849665161717,0.24057641304704802,0.6831746896632098,0.3094614768265864,0.08570517600776184
602,0.2852826724223603,0.23689059635873555,0.7043292291603802,0.3271669362547919,0.08676718191335409
603,0.28806081740889744,0.23421012101187477,0.6951621741083385,0.32843156303511756,0.10545879269119018
604,0.270698469658321,0.21980240293612052,0.6958675009141106,0.3094614768265864,0.09090906142349697
605,0.2967417796196157,0.27341272541202866,0.7071496585534673,0.30903990578314455,0.09951149513389401
606,0.28285204257816376,0.19299716031517944,0.6613146766712643,0.30524598316664653,0.10375951843765696
607,0.3005614821419407,0.20405428399375447,0.6923417447152513,0.30608903890353045,0.09993631361762578
608,0.24222438898959653,0.22784382897670197,0.7163167128375041,0.28964829215591115,0.1013169131810473
609,0.25854503797143136,0.2308595270419027,0.7240736994980022,0.29344225794740897,0.1052464238592633
610,0.2932690280472581,0.25933990366825244,0.7586259377528428,0.2866973393760366,0.10673324824858732
611,0.28285204257816376,0.25967496319341166,0.7663827784923436,0.29259915903552525,0.11172468380011336
612,0.30160289844477584,0.2908359783598029,0.7811908382515571,0.2989224638381953,0.12223876048976834
613,0.3002139669996007,0.3136203447672723,0.7974092597803195,0.30103036088118595,0.11533560092670214
614,0.3005614821419407,0.3193165177521262,0.8129229397233106,0.30103036088118595,0.1282922828729668
615,0.31202044810624274,0.2978723890180879,0.4384865426802269,0.2972363523644277,0.12786746438923513
616,0.3179235477963305,0.3163009833073138,0.4018186158500654,0.2866973393760366,0.16079013163845068
617,0.3585510601519448,0.33003858233274963,0.3940619225675728,0.2775416308988009,0.16418859890083037
618,0.31861801314919824,0.31697110193042555,0.38630537520607744,0.27328710703891357,0.1435853452499387
619,0.31827078047276447,0.30021780483978855,0.41733185649405335,0.2626507753519558,0.15378082828176443
620,0.33945268951271235,0.2837997304674924,0.4229733012682335,0.2596725872424307,0.15855989510756574
621,0.32868790717481144,0.28882562163605385,0.3987462315825585,0.2545672010659825,0.14857686183374696
622,0.37035740039535336,0.3769475532483253,0.3645436538300755,0.26690529921184314,0.16493201114859346
623,0.35403675104379895,0.37192166207976385,0.3638312959362373,0.25414172718244177,0.1405055526776705
624,0.3623707626742696,0.38264372623317966,0.3545681465312731,0.2962614077964716,0.08740445026129495
625,0.34709195332440923,0.34712693894854585,0.32891592022290794,0.305621361007807,0.07391672479299194
626,0.3759132670392875,0.3089295126966629,0.34530470451630824,0.3000905009478181,0.07710282343584907
627,0.3773020572515098,0.3082593940735512,0.3488675215765238,0.29073054818622235,0.09027187410783843
628,0.37209342365372944,0.331713879531339,0.3844951084946886,0.28051969038280544,0.1074766604963504
629,0.3880666987261774,0.3544982459388084,0.39162059669412197,0.28051969038280544,0.10386574336976151
630,0.4125498585368039,0.3869994987786298,0.40444656392730716,0.2830724477837898,0.11459218878514121
631,0.4338850744684297,0.4141398009247306,0.40088403947709206,0.30094136281463935,0.13094733799378555
632,0.4300374466419732,0.43122799434734516,0.4129975005914257,0.30519601574978683,0.13933732194617576
633,0.42059432116973583,0.4161501576484792,0.4186976862471714,0.31455588261112233,0.12404417853692162
634,0.4055545692972524,0.3735969588511465,0.4329488093350411,0.3068977822086897,0.12510618433631182
635,0.4426286572261644,0.37996325088631977,0.4400744442234774,0.3068977822086897,0.13423958043026285
636,0.4443776557999537,0.38264372623317966,0.4308112948185132,0.30264325834880246,0.12415040336282401
637,0.42933832688689,0.356508602662557,0.435799121812416,0.3030687322323432,0.12330076628915854
638,0.4363330519340689,0.376277434625214,0.4336613139178822,0.2941342101792883,0.12457522195275783
639,0.44507719888417596,0.34511641945882277,0.466438881736678,0.2966869675802727,0.12606204634208185
640,0.43318539052097393,0.37996325088631977,0.4650137258819933,0.2958360198131912,0.12330076628915854
641,0.4391312239012386,0.3977215633592528,0.46430107461014947,0.26988353049636826,0.11363632677937119
642,0.41010145774202544,0.4416149994028089,0.47783969234717305,0.2643526277111191,0.11108749648445482
643,0.493343692955301,0.4483163509631414,0.5091922502322817,0.26988353049636826,0.11140609014228409
644,0.5206247426369113,0.4590384151165572,0.5156052338488744,0.2694580138875672,0.12319454135705399
645,0.481451884592099,0.4587033560186051,0.5341313859698,0.2711598662467304,0.12117675458417598
646,0.4464762846829011,0.4737811927174711,0.49779144038979184,0.26733073037012356,0.10768902922207513
647,0.5167773972763605,0.5247110398465189,0.5120422700996559,0.2715852542300109,0.10705184190641659
648,0.5104816511210317,0.5350980449019827,0.5184553996372459,0.29158149595330396,0.08538658245613462
649,0.5409105034486896,0.5082929650470156,0.5034917719665353,0.27498891667281644,0.07529732435641356
650,0.5286687823104232,0.5149941534141664,0.5191680509090899,0.27201072811355165,0.0631902794838144
651,0.5248217190460593,0.562573406146035,0.531993724764269,0.27073430691266887,0.04821581076467174
652,0.5328660404460384,0.6275759118256778,0.5498078116013572,0.26903258272928676,0.03451571657064412
653,0.5185261137539636,0.5481655253043067,0.551232820767039,0.2715852542300109,0.04789717653760028
654,0.5601469492644151,0.5146590943162144,0.5569332990327853,0.26690529921184314,0.0542693331478703
655,0.5377628416658751,0.5056123269341808,0.5519451794288825,0.26222530146841516,0.06244686723605131
656,0.5300681505750546,0.4667449448251606,0.5683341096432801,0.2549926749495234,0.06308413558399206
657,0.5339152142091383,0.48182278195123374,0.5576456576946289,0.24137828377856108,0.06765083368406877
658,0.5528023118118917,0.496230500026988,0.5854355452085247,0.23712363129315306,0.0844307204503646
659,0.5632950340066492,0.5029318515873205,0.5882855643078935,0.23159281440816415,0.08889127465061897
660,0.5930244841133181,0.52705645566822,0.6046743486012942,0.23499647640123023,0.09929904526968492
661,0.5853295109263108,0.5662590600683739,0.6082371656615095,0.23499647640123023,0.10938830336940608
662,0.5653936628895964,0.6108226147350413,0.6096621755951965,0.23499647640123023,0.11204335849022484
663,0.5569994287145534,0.6205396639333678,0.6303264282206567,0.24903634145573328,0.11809688097962545
664,0.5741373868802842,0.6195344857850973,0.6182129663383176,0.24222914564538223,0.11661005659030144
665,0.5573490593934314,0.6001005505816255,0.5996863749183887,0.24520724830438678,0.11342395805364647
666,0.5531519421210498,0.593399361787267,0.6117998368007276,0.24350548139574435,0.12298217263132927
667,0.5545513103856807,0.5937344213124267,0.6210632788156925,0.2549926749495234,0.1471962623765275
668,0.5601469492644151,0.5789914809455388,0.5861480497913656,0.2545672010659825,0.16302036816933563
669,0.593374114792196,0.5917239018227032,0.6003988795012296,0.2635016803937771,0.16546305456442967
670,0.5783343629197129,0.4543475834731554,0.6730796500272578,0.2549926749495234,0.16089635657055523
671,0.5734379846592952,0.47713194988062435,0.6538406999454853,0.26222530146841516,0.16365763651727638
672,0.57098972509747,0.48416819777293485,0.6296137769488128,0.25073815108963604,0.16291414334343324
673,0.5961721458961322,0.5766460651238376,0.5996863749183887,0.2460581960714684,0.16705610388585823
674,0.5870785095001003,0.5729604112014988,0.611087185528884,0.24393091255402477,0.14560321305509893
675,0.600019491256683,0.5608981093746528,0.5904232255134245,0.23925100026111745,0.11331773312154192
676,0.5842804783961637,0.5562071141108618,0.5604961168610061,0.24393091255402477,0.10514019903336091
677,0.5713394966395811,0.587033070179301,0.5604959701720031,0.2362727694263318,0.0883602311285806
678,0.5657432935684747,0.6510303972834661,0.5640936508305541,0.248185436413912,0.08506798879830546
679,0.5818322188343381,0.6614172395729554,0.5194824085141088,0.2524400461740596,0.09536961562375124
680,0.5783343629197129,0.6684538129972144,0.5252386977213912,0.2565132291875768,0.10184787556460129
681,0.5996697200842918,0.7019600812193327,0.5151650447276426,0.25737254076167837,0.09048424283356316
682,0.6059653250066672,0.6996146653976312,0.5461051000807917,0.2556538748882149,0.09898045161185565
683,0.5821819903764496,0.704975942050508,0.5504226105562604,0.264247331531834,0.0929269292286572
684,0.6154087329448106,0.7518849129660836,0.5777649844828532,0.2470604614195958,0.10386574336976151
685,0.6328966031461665,0.7448483391146179,0.6051075058664541,0.23460003950410857,0.08591754483968861
686,0.6098126707369378,0.6778354771384332,0.5540202912148113,0.2161241379428276,0.08474939514047619
687,0.6178569925066362,0.7002847840207429,0.5626547254097378,0.19592969913360392,0.07816482923523926
688,0.610861844130318,0.7197185564582402,0.5813626659094093,0.20108578175477526,0.09473234727581048
689,0.6224040221843619,0.7294356056565667,0.5943143164337936,0.20710109004978794,0.11193713366432245
690,0.6269509106291351,0.7234042103805782,0.5784846676107684,0.19678901070770544,0.11236195214805411
691,0.6276503128501241,0.7860612998113132,0.5971927540314377,0.23116266548166098,0.1096006720951308
692,0.6521333314277977,0.764617171077274,0.5914363181351525,0.24104506767406253,0.12053948623623512
693,0.6468868995290826,0.7803652895924325,0.5511421462271675,0.24791985844421816,0.12149534824200525
694,0.6507590678751543,0.7977887057333879,0.5288362324589446,0.2556538748882149,0.0816695214297235
695,0.6525190670910526,0.837661428756654,0.5561788997635431,0.2779967421711037,0.06988107021495371
696,0.6697673159923783,0.7884067156330139,0.6331695629209622,0.2964725151068641,0.06021663070516636
697,0.6813832560987807,0.8162172995954076,0.6511579669817218,0.29389453810903865,0.07434154338292576
698,0.5947902661161768,0.7679677650472461,0.640364924238064,0.28229351321817364,0.056818163336584515
699,0.4796848333412611,0.673479704592983,0.5943143164337936,0.2582319377863006,0.03451571657064412
700,0.4800368616528634,0.6872174668116,0.5741674505133052,0.24104506767406253,0.04311810971179897
701,0.4835568604543794,0.7140225462393599,0.5899972460253333,0.23374068520474667,0.03748936534929215
702,0.49130105554384995,0.7247444480540088,0.6511579669817218,0.23159234263134187,0.06807565216780043
703,0.5289655242061349,0.7716537449287397,0.6338889526708715,0.23545939380347047,0.06945625173122205
704,0.42618022865433947,0.6651032190272423,0.5957535352326155,0.2436230446718879,0.06308413558399206
705,0.36704345640544767,0.6389679322634385,0.5828018847082315,0.2513571897414054,0.08028884094022182
706,0.2466577427774912,0.6232201392802277,0.5842409568180509,0.2436230446718879,0.07094307612054607
707,0.23856166060937212,0.6128329714587903,0.6230960566162167,0.2569429063372578,0.06945625173122205
708,0.17449705877846156,0.5558720550129101,0.5626547254097378,0.23460003950410857,0.025700914134522246
709,0.18787313970343522,0.6001005505816255,0.5892775636654235,0.21870228629143396,0.06149108636876566
710,0.23081774761608798,0.5525214606157309,0.5604959701720031,0.19721873058264672,0.0578802097052169
711,0.20617733156717466,0.5954097185110165,0.5770455947329438,0.19120333683711338,0.051189459437117724
712,0.21638530039956105,0.6667785162258317,0.6396453885671569,0.1490956653942912,0.026869144866016992
713,0.23468963349625338,0.6553861698289158,0.6353281714696937,0.14565833423202584,0.0671197901620304
714,0.290658434885511,0.7110070117945471,0.6295717355734085,0.12331542431382458,0.10545879269119018
715,0.23996963188338793,0.6724745264447125,0.6777809519264104,0.11085500235336332,0.09462620337598815
716,0.2871382952207613,0.7133524276162482,0.6677074456216647,0.11042528234350013,0.11119372141655937
717,0.2632020762885656,0.6724745264447125,0.6950499662372605,0.1164406761789814,0.10652079849058038
718,0.32093087763316097,0.8004691810802487,0.7634063418887562,0.10698795118123477,0.1118309087322179
719,0.31459465381770646,0.7884067156330139,0.7641257316386656,0.10269122285942528,0.1080076228799044
720,0.3350108732089463,0.736806913074036,0.792907178443083,0.08034835584638023,0.07997024728239255
721,0.3160026250917225,0.7173731406365391,0.7684429487361286,0.0549978133231987,0.04630416778541391
722,0.3068504583585163,0.7197185564582402,0.7497350082364571,0.08163734430031888,0.05554374824222741
723,0.3068504583585163,0.7371419725991952,0.7576499059924711,0.06917694379243577,0.06000426197944164
724,0.3307868181539455,0.7572458636598043,0.7526130065350984,0.06273187276229963,0.0693500267991175
725,0.35894723300437525,0.7582510418080757,0.7677234122972165,0.05628682322971551,0.08506798879830546
726,0.33817898530153334,0.7642821115521148,0.737502746693977,0.048552785198218706,0.06106626777883184
727,0.3395870978085025,0.710001833219069,0.7209534147430368,0.040389005749254525,0.054056923852903394
728,0.3283227623148428,0.7076564173973683,0.7231121699807712,0.0472637324315196,0.05915462479957401
729,0.3188185676397546,0.6868824072864408,0.7367832102550649,0.036951631681832964,0.06552674094680389
730,0.311778710899955,0.7043054970410334,0.7439787190291747,0.03738133023911805,0.09430752868587666
731,0.25616193745257987,0.7984588243565001,0.7252707785295027,0.03136595781124096,0.09228974191299866
732,0.28608235188862774,0.8296196767569173,0.7612477333400247,0.04425603546880502,0.07710282343584907
733,0.2797459868402201,0.8611159142144418,0.7576499059924711,0.052849470614871996,0.06680119661040318
734,0.3374750699112823,0.8631262705109837,0.6865053279841993,0.033943934764092354,0.06106626777883184
735,0.3311388460958278,0.9033340530594085,0.7569240711425014,0.0472637324315196,0.10429056185349328
736,0.2871382952207613,0.88725087501909,0.723529653026779,0.0244912097213717,0.07455391210865048
737,0.33008276190046093,0.806165191299129,0.7365970273502769,0.027498863778930127,0.07009343894067843
738,0.324098707259842,0.7277603084579773,0.6886832726011165,0.01289012051774635,0.06382754783175515
739,0.30649857127986757,0.7408276260943265,0.74966440244178,0.009452767902902892,0.07349190630926028
740,0.301218572892733,0.7110070117945471,0.7409529165841113,0.0021483641609047477,0.07540354918231595
741,0.3367708727945642,0.7264200707845467,0.7612799603763358,0.0,0.09738740239662924
742,0.3438111528635033,0.6818561901587237,0.6879571443731414,0.021053878559106287,0.09335174781859101
743,0.2903062660803952,0.5722902925783875,0.6843275292882798,0.016757128829692658,0.08230670874538204
744,0.24806571405150746,0.5461551685805577,0.629879940688368,0.01890551439820154,0.0671197901620304
745,0.27059410257292016,0.5257162179947894,0.6146347684369553,0.0244912097213717,0.06117249271093639
746,0.22940963510911883,0.5019266730118424,0.5478456395955098,0.04128955632931608,0.04513593705391916
747,0.2177934129065302,0.45970853416687607,0.505739589701121,0.031823256436978364,0.03430330727567721
748,0.2093451615635753,0.41950075161845124,0.4636336872637401,0.019345013455603632,0.0018054180471532844
749,0.17203286207612556,0.36589042956975026,0.44112869885459816,0.009448457418846146,0.0
750,0.21673732871116314,0.4690903610740689,0.5289705596492353,0.02967182563678089,0.03738318098642979
751,0.2301135501296503,0.48148772242607407,0.5492976026734546,0.024508430249994384,0.04078164824880948
752,0.2487694882088054,0.48517337592120535,0.5572831062241457,0.03483524243117159,0.04014442047011091
753,0.2853781544021903,0.5052772674090216,0.5674468477697594,0.03741695082836688,0.054056923852903394
754,0.301218572892733,0.4339086328873871,0.5826921667101748,0.05807063950348168,0.053738330195074124
755,0.056421106946137556,0.3461215976070937,0.5180809832536517,0.05850093850808363,0.10152928190677202
756,0.11921694069455069,0.3705814244063337,0.5739802423215081,0.06581578614764577,0.14624040037075747
757,0.17314310467235727,0.35885418167743977,0.5623648303079498,0.08776030756878017,0.16684365402164913
758,0.15824269722434603,0.3997319196557947,0.5732545533925362,0.08001518237719407,0.17417163217464915
759,0.12950558238128207,0.4339086328873871,0.5899516894898986,0.07743347397999883,0.16142731895410922
760,0.14866361211215362,0.5374434607236838,0.5841441297881196,0.0963660737197003,0.17650809363763864
761,0.15824269722434603,0.5468252876308766,0.5972112115016173,0.0963660737197003,0.17151657705383028
762,0.15753299941685395,0.5528565201408902,0.5819661851712024,0.09464487761134438,0.1597281258390605
763,0.21961941745396119,0.593064302689315,0.5652687564638395,0.0873300728769385,0.21516568971842553
764,0.1986874260399858,0.5541967578143208,0.5427640622007086,0.09808714120253542,0.19180115601461045
765,0.21536193677377424,0.4972358413684401,0.5580090877631181,0.10497179701043818,0.2142098277126555
766,0.2338104095603868,0.5314123909796438,0.5863217817950366,0.10152944765390876,0.21155477259183664
767,0.21961941745396119,0.47043059874749904,0.546393676517565,0.0843180440225631,0.19997877113507379
768,0.2281339562246354,0.4509968263100017,0.5674468477697594,0.0873300728769385,0.1773576496790218
769,0.19478479389382497,0.4409448807796972,0.5914036525678434,0.08948141791179753,0.1965803038726941
770,0.19159171869192315,0.46272406903889607,0.6066489715082586,0.10583226639412147,0.22780369697457858
771,0.16995031119692183,0.4416149994028089,0.595759395112675,0.09593579616767639,0.23534412477938338
772,0.16995031119692183,0.4463059942393923,0.5877738907939791,0.09464487761134438,0.22079439361789233
773,0.18910819969484005,0.48148772242607407,0.5783362774763403,0.10325055799692612,0.22812237166469018
774,0.20720196481065978,0.4778020689309428,0.4382247726987085,0.14886083985270682,0.23460063160554023
775,0.22565057846050562,0.4623890095137364,0.4672633015805967,0.15015171550388268,0.25934576476657467
776,0.2597091565026217,0.5025967920621612,0.44040271731562575,0.1510122706529044,0.24532707691471767
777,0.2348748150386717,0.5438097527588566,0.4629077057247677,0.1690842293882978,0.24320306531593727
778,0.2699979394223062,0.5803317186189689,0.46871541134754446,0.16219965948065546,0.243415434041662
779,0.2313268905633039,0.5444798713819683,0.4665373200416243,0.14455793534715566,0.22652932234326162
780,0.23735833366603498,0.4012817328324325,0.46145559595781993,0.13380086702155874,0.23757436141647048
781,0.23310085298584782,0.4542553442946291,0.4636336872637401,0.1432671025561622,0.23056497692129985
782,0.21926456891993484,0.4807421500257276,0.473071153892376,0.14111571466112088,0.24320306531593727
783,0.2643213452233215,0.5268806145879821,0.4861385282158741,0.1578968406954686,0.23959214818934849
784,0.25900002288750246,0.5388423663458513,0.48250876721001457,0.14369738015315997,0.2646558750082122
785,0.2888011202494314,0.5396968005600402,0.4752490985092932,0.14584881099833147,0.27240867164494387
786,0.27780306248167475,0.5704557769348764,0.4832346020599845,0.14757000710668733,0.2716652593971808
787,0.2756742515251045,0.4448567319861456,0.4607296144188475,0.14627913145551158,0.268054342270592
788,0.23416525846413316,0.43673985216832945,0.5093693514749855,0.1432671025561622,0.2637000940347245
789,0.2643213452233215,0.43503098416715824,0.546393676517565,0.14929107454454854,0.2798427934853618
790,0.25261387211397857,0.43033184077889075,0.4861385282158741,0.17725963240175147,0.30140182810974125
791,0.23522952270946473,0.3730860586729561,0.4875906379828219,0.18872242083707375,0.28886996475341054
792,0.26361178864878254,0.3692411867329035,0.49122025229967803,0.19856729406025508,0.30267628377334066
793,0.28844641220891876,0.40768974422187076,0.4788787128261496,0.1766399928978996,0.29449874968515954
794,0.3437921126649428,0.440584724108382,0.47815273128717717,0.17127005865540207,0.315101922303769
795,0.337760669931932,0.42734123985984596,0.4629077057247677,0.17619255913001347,0.2857901720749402
796,0.36436897344870567,0.38931981788138215,0.4600036328798751,0.15426525841739758,0.28186066139672417
797,0.33208421659618037,0.33933664414504916,0.43386917684287973,0.11936044761410625,0.2641249126246583
798,0.2831248081466331,0.32652045860019774,0.47960484105412493,0.13457534093507156,0.2543542481827664
799,0.2788674679599594,0.376503631909324,0.5369562098889289,0.14084691983911357,0.2508496370205644
800,0.2614831185554458,0.43460384865665436,0.5311485042661526,0.15518200016212474,0.2726210403706686
801,0.24303478700178616,0.4252052359209637,0.47742674974820476,0.14891042130305665,0.28037383700740015
802,0.26396677841576177,0.44400246096513785,0.4832346020599845,0.16055763921630734,0.2820730301224489
803,0.22565057846050562,0.3991455657003695,0.4861385282158741,0.17310083965970385,0.2741078647599926
804,0.2281339562246354,0.4072626087113673,0.5118121411664429,0.15786981971170305,0.2793118311018079
805,0.2245863142151736,0.4281956740740349,0.5096113453213096,0.16862109791001617,0.2880204087120273
806,0.21536193677377424,0.45895465044887107,0.5022760895438578,0.1681731064650474,0.28855137109558127
807,0.2008159549003694,0.4427207280472638,0.47146787150797853,0.16951708035021412,0.2953483057265428
808,0.19123701065141008,0.4897136268237072,0.5037431408529494,0.17175695167479754,0.30352592084700614
809,0.16427385823089025,0.4290501082882239,0.4956742872284585,0.15876571665640626,0.2850466789010969
810,0.14050378101227223,0.38931981788138215,0.4802703245155191,0.15428601745208315,0.2922684320157902
811,0.17065986814118084,0.40939861222304197,0.507410988007174,0.16414139843584924,0.30395073943693995
812,0.15788770745736658,0.3859022446450142,0.5162132943257118,0.15786981971170305,0.2922684320157902
813,0.15292095192910704,0.3901742520955711,0.49420738260836994,0.15473405171226012,0.2892947832371422
814,0.14830876320840747,0.4422935925367599,0.4817375217456079,0.1592137509165833,0.29216228822217005
815,0.12631236594642714,0.47988787900471985,0.510345090625357,0.16414139843584924,0.2915250198742293
816,0.11247608188051439,0.4662170960524983,0.5184137975608449,0.17041297733989125,0.2994901852366856
817,0.11886209179080476,0.4615179526642308,0.5154795490216646,0.16414139843584924,0.27453268324372426
818,0.12602041968588362,0.49569450270264204,0.5418867613552831,0.16100558771114598,0.26253186330322975
819,0.12494642367670172,0.5542218545332696,0.5543567681390429,0.1601096478612865,0.27888701261807614
820,0.1303151344746325,0.5072291189500073,0.5712279280820713,0.13681516908465507,0.2753823204235919
821,0.10132443512489342,0.5226086071374252,0.5440872645904165,0.1247200026765658,0.25732797799369667
822,0.09810343461885962,0.5162004325548057,0.564626125766672,0.12203214026680526,0.26454973110839
823,0.1052614804177523,0.47732457678936013,0.5763623872463843,0.12024026061206039,0.23959214818934849
824,0.08665010983884525,0.5136371303394456,0.617440109598896,0.11486466446303395,0.22196262434938707
825,0.11993580570380047,0.5183364364936875,0.637245372160107,0.11396872461317453,0.20868734874529316
826,0.10275610099968491,0.4944129329779492,0.668787188811031,0.12113624332210204,0.19626171021486483
827,0.09488201078368674,0.46878039826785844,0.6775894951295689,0.12024026061206039,0.16801188475314388
828,0.08486063360493068,0.5016753785815764,0.7061972106983205,0.13054363308576927,0.16418859890083037
829,0.0748391155629411,0.49740337113101996,0.6849247509070202,0.12919970188088897,0.16100258139645762
830,0.077702587806038,0.5768637883243151,0.655583583412227,0.12964765037572756,0.17958796724218906
831,0.05264893411887761,0.6161669432206529,0.6438473211645093,0.12919970188088897,0.15951567597485128
832,0.08915563048986597,0.6007874546060274,0.6357783208510159,0.12024026061206039,0.16397623017510565
833,0.09810343461885962,0.628555993255,0.6937272031465556,0.14039897134427498,0.1755522316318685
834,0.11349352222582687,0.5866896993364836,0.7083977139334534,0.14756644719302026,0.16864907206880242
835,0.11743042628573286,0.6110403383627259,0.7216013193322577,0.1672772522006306,0.194350067235607
836,0.12279899585071075,0.541832804498922,0.6658530869608534,0.16414139843584924,0.21675873893365194
837,0.1335364170768525,0.5559307229616475,0.6849247509070202,0.17086092605959968,0.2383177735580314
838,0.19581252982564035,0.5755822185996222,0.6805235977477515,0.18206023815829808,0.2608325891558987
839,0.17720130047968663,0.577718222538504,0.7039965607741847,0.17892442756851673,0.28143584280679035
840,0.14570536294483305,0.7242503328499024,0.6951941077666444,0.16458934715555762,0.2626380882353343
841,0.15393726388967433,0.809691789115313,0.6709876920461642,0.16682921803040146,0.2586023525188116
842,0.14606317367367594,0.8331883203137291,0.6915266999114227,0.16145357884129696,0.24978755008268982
843,0.1381892243209113,0.8178088321263108,0.7201341221021689,0.16548532959575551,0.23555649361131026
844,0.09846138621093603,0.7353578135867638,0.7186670707930773,0.1538381118624007,0.18319880333649563
845,0.09881919693977892,0.7498827047940186,0.7164665675579445,0.17399677982438094,0.18702208918880914
846,0.12458861294785883,0.7186967556746526,0.735538231504111,0.17130896022982872,0.18574763352520984
847,0.14212626961377017,0.7404840924855352,0.7384724800432916,0.16548532959575551,0.20327101357155108
848,0.13246256230062392,0.7759423750146133,0.7076642612394066,0.15966169936644792,0.1985980906455721
849,0.11313557063375046,0.8002931768068295,0.704730159389229,0.15428601745208315,0.19466866089343626
850,0.15322136033580191,0.8173815334226258,0.7311372250338448,0.15786981971170305,0.21431605264476006
851,0.1643164514275537,0.8075559483696129,0.7032631080801379,0.15518200016212474,0.21792688863286447
852,0.14856841185879044,0.7652621929814369,0.7223349187153074,0.1399510228944103,0.23364485063205243
853,0.13103103765878532,0.7374936543324644,0.7458078817417406,0.13502328942991015,0.24692012623614634
854,0.09702957947291124,0.7003268297613707,0.7135324657077671,0.13099158158060786,0.2470263511682509
855,0.07985001563202898,0.6670047139371489,0.6717212914292139,0.13143957293562863,0.20273997015571488
856,0.09774562389001673,0.6567515042212952,0.6812571963627958,0.13591927213995175,0.21495323985421644
857,0.07949206403995279,0.6281286945513149,0.6511825761739556,0.13457534093507156,0.2137850091227217
858,0.106335194330748,0.6580333999051438,0.6768560432035271,0.13860704878437385,0.2236618174644358
859,0.12458861294785883,0.7114343100710254,0.7135324657077671,0.15966169936644792,0.244902258430986
860,0.12458861294785883,0.7618444565518878,0.7465411877467849,0.15473405171226012,0.23916732959941467
861,0.10740904910697702,0.8101190878189986,0.7208677207172132,0.15607794001198416,0.22684791600109078
862,0.1288836098327939,0.8545486843800818,0.7216013193322577,0.15876571665640626,0.23714954282653666
863,0.10239829027084202,0.896414815105417,0.7017960575390518,0.16190152756100534,0.194350067235607
864,0.1331783242518234,0.9126489007002054,0.7634124943788163,0.16503733860052633,0.1811809355313354
865,0.1603795473676477,0.9344362370838808,0.7846846607921107,0.1722048572195059,0.18372984675233184
866,0.14964226700473904,0.9241833537543895,0.8110917264367266,0.17354878837941223,0.18978336924173245
867,0.1578743088128136,0.9194840476001476,0.8301635363038908,0.16996498589492248,0.204014425713112
868,0.18113820453959262,0.9254649234790824,0.8052235219683661,0.16190152756100534,0.24787590720963404
869,0.16610606852470178,0.9519518924033621,0.814025828286904,0.17847647884880835,0.27378927110216333
870,0.19545471909679746,0.9528061634243699,0.8250289312185801,0.1748927195393185,0.280055243349571
871,0.20547609627555352,0.9049591563928927,0.8013409274900805,0.18788386879237134,0.29810958567326395
872,0.22158208706667337,0.859674962851646,0.790977233473547,0.18116425571810024,0.3207306262032358
873,0.09058715513170434,0.8613838312800239,0.7695098017253748,0.1722048572195059,0.30182664669967507
874,0.09380843773392455,0.8357514593359077,0.7887565148042168,0.16951708035021412,0.30915462474647293
875,0.06338607324883316,0.8173815334226258,0.8168859551033716,0.17175695167479754,0.28812655250564745
876,0.06982849759003962,0.8284890141594872,0.8731452757686897,0.1775804964086104,0.2784621940281423
877,0.07877616085580041,0.8605295602590166,0.894612707516862,0.18251294782122923,0.28101102421685653
878,0.10848262215673898,0.8434412036432204,0.8694440296021417,0.18834219660216983,0.2858963159747625
879,0.12637808918177362,0.816527262401618,0.8583401451815007,0.1878937765553788,0.281542067738895
880,0.1368495147781994,0.8319067505890363,0.8790672398365627,0.18744531333358777,0.29757854225742775
881,0.11265717321308988,0.8289163124359655,0.8598206726787185,0.18251294782122923,0.2844094915854385
882,0.10832423753370679,0.819517700127482,0.8812882511158935,0.16906089689874593,0.2603016267723447
883,0.11807341333636612,0.8178088321263108,0.8605610097718284,0.17130286985639948,0.26890397934425747
884,0.11518469551804844,0.8319067505890363,0.8309508952864535,0.16906089689874593,0.26837293592842126
885,0.06355009905615305,0.8413050369383641,0.8080029360410634,0.1650252433041885,0.241397647268784
886,0.054162118766853284,0.8895796682054748,0.8228080658602472,0.17668374131580938,0.2293967461898051
887,0.05127340094853561,0.9224744853260116,0.7954186700442025,0.17219975312498154,0.24309684038383272
888,0.060661522470788265,0.8618111299837095,0.8309508952864535,0.17713211863734013,0.2270602847268155
889,0.049106933293703525,0.8361787580395927,0.812444518532716,0.1591959942084301,0.23077742678550894
890,0.04621821547538585,0.8169542347189407,0.8117043281286089,0.16278327079627458,0.24224720331016725
891,0.02022060139908488,0.7579997473778093,0.7998602533038603,0.16188647297821318,0.23406966922198624
892,0.0,0.7272407710029731,0.790977233473547,0.16950927422027667,0.24649530764621252
893,0.010110230083065996,0.7579997473778093,0.7813538765501233,0.18923895124523132,0.21251063459760677
894,0.016609633787000977,0.763553324553059,0.797639387945527,0.19058416955982338,0.2193075692285683
895,0.09496423535191623,0.7533004412235678,0.7569255357285138,0.17937413432025395,0.2155905082021572
896,0.09388093090802396,0.7708160961158419,0.757665726132621,0.18296132514275992,0.22992778971184347
897,0.09460318070179019,0.7870498557514747,0.7828345507363439,0.17713211863734013,0.2310960204433382
898,0.06463340350004554,0.8169542347189407,0.7880161777111065,0.18340978836455096,0.28600254090686705
899,0.05921730460972263,0.7169878876734819,0.7754317657932477,0.18027088896331545,0.28058620573312487
900,0.08774272271744854,0.720405624103031,0.759146254397844,0.16368002543933602,0.2798427934853618
901,0.1162679999619407,0.6896466477281944,0.759146254397844,0.1600928776569081,0.2651869184240485
902,0.09424212642138374,0.6315464314080708,0.7021468900174213,0.14484718891272913,0.23810532380002447
903,0.10543551971538889,0.5127826961252566,0.7176920643197149,0.14081157804343208,0.2562658910558221
904,0.12529506683406755,0.5426872382859038,0.7317570045027963,0.13587916953596946,0.2332200320421186
905,0.1632084656008128,0.5478138431438309,0.776172102886358,0.13722434454063964,0.24171624092661326
906,0.1642917696749855,0.5670380405053277,0.759146254397844,0.12197869870161693,0.24734494482608016
907,0.135044101403774,0.5495225483790276,0.7310166674096861,0.11749471046581517,0.2546729228728779
908,0.13432199247324106,0.5349974944057982,0.7820942136432336,0.13094676098353286,0.2590271711087454
909,0.1036301063409637,0.4828783167305839,0.7376789685706693,0.11659791282764959,0.23959214818934849
910,0.10760212860317386,0.5033842470099543,0.7428607422344347,0.07086095381302926,0.23481308136354717
911,0.15201493070413452,0.5123555606147527,0.7628476464853895,0.10583621231927248,0.26146985750383944
912,0.16934681428490195,0.5281621843126749,0.7746915753891406,0.10045542640033117,0.27633810129087755
913,0.1754851633387109,0.49142233205890395,0.7398996872399994,0.08745179615427429,0.2718776281229055
914,0.18054034918158002,0.4939856342742641,0.7280556116472456,0.07758693618921891,0.29279947543162643
915,0.18378998041707106,0.4679259640536695,0.7391594960678867,0.07893211123886312,0.2873831403640865
916,0.137571764941685,0.4145250538877874,0.7028869337325259,0.06906729417896385,0.2486194003834773
917,0.1928170472891979,0.4679259640536695,0.7361984410734514,0.07265457058691244,0.2581775340350799
