Date,BMY,HSIC,HRB,GE,INCY
2016/1/4,59.41606522,60.88627625,27.89491272,26.28667068,103.3199997
2016/1/5,60.58612442,61.09411621,28.14888382,26.31234741,103.8000031
2016/1/6,59.52244186,60.47451019,27.94570732,25.89292908,102.2600021
2016/1/7,57.87371826,59.4784317,27.70020103,24.7972908,95.76000214
2016/1/8,56.40226746,58.93333435,27.33616638,24.35219574,94.77999878
2016/1/11,55.82610321,57.40392303,27.42082596,24.46346855,92.19000244
2016/1/12,56.23385239,57.4313736,27.36156464,24.51482582,88.08999634
2016/1/13,54.31921387,56.73333359,26.70969582,24.17244148,78.41999817
2016/1/14,56.29589462,57.49411774,27.37003517,24.87433052,80.98000336
2016/1/15,55.64882660000001,57.53725433,26.98060799,24.38642883,76.94999695
2016/1/19,56.02997208,58.17647171,27.02292824,24.38642883,73.30999756
2016/1/20,56.33135223,57.42353058,27.200712199999998,23.96700859,74.25
2016/1/21,55.95906067,56.52548981,27.31076813,24.47202492,73.77999878
2016/1/22,57.08480835,57.4784317,27.67479706,24.17244148,79.40000153
2016/1/25,55.772918700000005,56.74509811,27.488553999999997,24.00124168,78.30999756
2016/1/26,55.56903839,58.37647247,27.79332542,24.23235893,76.04000092
2016/1/27,54.70036697,57.83921432,27.70866394,23.96700859,74.98999786
2016/1/28,54.21284485,57.45098114,27.928779600000002,24.14675522,67.80999756
2016/1/29,55.09924698,59.388237,28.82615089,24.90857506,70.55999756
2016/2/1,53.91145706,60.32156754,29.18172073,24.51482582,72.58000183
2016/2/2,52.182956700000005,59.16078568,28.82615089,24.17244148,68.94000244
2016/2/3,53.29097748,59.08627319,28.84308815,24.54050446,69.16999817
2016/2/4,52.91867447,58.86666489,29.308710100000003,24.97704697,72.02999878
2016/2/5,52.85663223,57.98823547,29.61347389,24.42922783,71.0
2016/2/8,53.82282257,57.38039398,29.2071228,24.11252403,70.91000366
2016/2/9,54.08873749,57.89019775,28.93620872,24.20667648,72.26000214
2016/2/10,54.14192963,61.47058868,28.80075645,24.22379875,72.30999756
2016/2/11,52.75912857,61.92549133,28.07269669,23.49622536,65.51000214
2016/2/12,53.361892700000006,62.349018099999995,28.54677963,24.18955803,68.36000061
2016/2/16,55.11697388,63.47451019,29.28330803,24.70313644,71.66999817
2016/2/17,56.65932846,64.31764984,29.359504700000002,25.11399651,74.44999695
2016/2/18,56.12748337,64.11372375,28.95314789,24.89144707,71.01999664
2016/2/19,56.55295563,65.19215393,28.74995995,24.84009171,72.69999695
2016/2/22,56.46432495,65.47058868,28.80922127,25.17392159,73.90000153
2016/2/23,55.01947784,65.32549286,28.48752213,25.01128387,72.01000214
2016/2/24,55.16128922,65.76470947,28.35207367,24.78873444,74.31999969
2016/2/25,55.87042236,66.41176605,28.53831673,25.22821999,74.27999878
2016/2/26,55.17902374,65.69803619,28.55524635,25.37494659,74.33999634
2016/2/29,54.8953743,64.88235474,27.83565331,25.15054131,73.5
2016/3/1,56.92525101,66.72940826,27.77639008,25.78923035,75.05000305
2016/3/2,57.52801514,66.24705505,27.5901413,26.04816246,73.59999847
2016/3/3,57.61664963,65.76470947,27.85258102,26.08268166,72.55999756
2016/3/4,57.35958862,65.87059021,23.50115013,26.28982735,71.98999786
2016/3/7,58.93740463,65.53725433,23.79744911,26.14310265,73.29000092
2016/3/8,58.73352432,65.69019318,23.60273552,25.944585800000002,71.16999817
2016/3/9,58.09532166,65.62352753,23.20484161,25.93595314,68.84999847
2016/3/10,57.56347275,65.94509888,23.76358795,25.84101677,68.65000153
2016/3/11,57.58120728,66.5686264,24.01938438,26.18625069,70.88999939
2016/3/14,56.83661652,66.00784302,23.806219100000003,26.12583542,68.98000336
2016/3/15,56.44659424,65.71764374,23.21788406,26.13446808,65.63999939
2016/3/16,55.52472305,65.65097809,23.09851265,26.0395298,63.77000046
2016/3/17,54.48762512,64.96862793,23.03030014,26.721370699999998,63.04999924
2016/3/18,55.69314575,65.73332977,23.33725739,26.68684959,65.06999969
2016/3/21,55.57790756,65.55294037,23.51630974,26.833574300000002,68.61000061
2016/3/22,55.666553500000006,66.34510039999999,22.99619675,26.80768204,69.11000061
2016/3/23,55.25881195,66.10588074,23.01324654,26.81631279,67.43000031
2016/3/24,55.41836548,65.87451172,22.6892395,26.850835800000002,69.76000214
2016/3/28,55.63995743,66.21176147,22.52723503,27.17881012,68.44999695
2016/3/29,56.89866638,67.36862946,22.78302956,27.17018127,69.25
2016/3/30,56.56873703,67.79216003,22.51870537,27.47226143,68.34999847
2016/3/31,56.96107864,67.69803619,22.52723503,27.43773842,72.47000122
2016/4/1,57.87952805,67.80392456,22.36522675,27.55857468,73.30000305
2016/4/4,58.82471085,67.54509735,22.45049286,26.95440674,73.48999786
2016/4/5,58.63746262,66.44705963,21.67457199,26.73863411,73.34999847
2016/4/6,59.33297729,67.223526,21.67457199,26.66958618,81.87000275
2016/4/7,59.10113907,66.11764526,21.11181831,26.43655014,79.40000153
2016/4/8,58.91387558,65.87843323,20.76223373,26.574646,77.47000122
2016/4/11,58.83363724,65.33333588,20.45527267,26.50559998,75.80999756
2016/4/12,59.60047531,66.03529358,20.64286041,26.59190941,77.37000275
2016/4/13,60.25141144,66.4313736,21.3249836,26.73863411,79.22000122
2016/4/14,60.51891327,66.50980377,20.48085594,26.77315903,78.54000092
2016/4/15,60.67942047,66.65882111,20.35295486,26.78178596,77.77999878
2016/4/18,61.40169525,67.59215546,20.59169769,26.80768204,77.88999939
2016/4/19,61.44627762,67.33333588,20.46379852,26.885356899999994,76.76999664
2016/4/20,61.73162842,67.38039398,20.26769066,26.885356899999994,78.48999786
2016/4/21,62.56087494,66.67842865,20.2591629,26.73863411,77.55999756
2016/4/22,63.02456284,66.99215698,20.31884575,26.54875183,76.76999664
2016/4/25,62.97998047,67.50980377,20.49790764,26.47970772,76.55000305
2016/4/26,63.18505859,67.55294037,20.31032181,26.66958618,74.43000031
2016/4/27,62.6233139,68.27059174,17.55623627,26.69547844,73.19000244
2016/4/28,64.43343353,66.87451172,17.9143486,26.66958618,72.33999634
2016/4/29,64.36209106,66.15686035,17.25780487,26.54012299,72.26999664
2016/5/2,64.16591644,67.05882263,17.24075317,26.66095543,74.36000061
2016/5/3,63.42582321,66.09411621,17.30043602,26.43655014,72.08999634
2016/5/4,63.11373138,65.37255096,17.232221600000003,25.95322037,68.69000244
2016/5/5,63.44366074,65.92549133,17.07874489,25.79786682,70.41000366
2016/5/6,63.50606918,66.66666412,16.79737091,25.99637032,70.69000244
2016/5/9,63.61307144,66.95294189,16.92526436,25.78059959,72.86000061
2016/5/10,63.78248978,67.54117584,17.06169128,26.30709076,73.48999786
2016/5/11,63.14047241,67.20783997,16.59272957,26.18625069,70.62000275
2016/5/12,63.55958557,67.54901886,16.64389038,25.97048187,70.54000092
2016/5/13,63.47040939,67.43921661,16.89116096,25.58208656,73.20999908
2016/5/16,64.94168091,68.28627777,17.03611565,25.85827637,76.47000122
2016/5/17,63.49714279,66.88235474,17.42833328,25.64250755,75.55000305
2016/5/18,63.39014816,67.03921509,17.41128349,25.55619431,77.52999878
2016/5/19,62.71247482,67.01568604,17.18959045,25.34042549,76.04000092
2016/5/20,63.10481262,66.96078491,17.53918076,25.51304245,77.65000153
2016/5/23,62.77489471,66.35686493,17.09580231,25.45262909,80.68000031
2016/5/24,63.5150032,67.74117279,17.37717628,25.76333618,81.26999664
2016/5/25,63.03346252,67.26667023,17.50507545,25.97048187,83.16000366
2016/5/26,63.06916046,67.73332977,17.65855026,25.91006279,81.77999878
2016/5/27,63.58633041,68.15686035,17.88024521,25.99637032,84.52999878
2016/5/31,63.93407822,68.12940979,18.21278,26.09131813,84.41000366
2016/6/1,64.08566284,67.88235474,18.40036774,25.98774338,85.18000031
2016/6/2,65.09327698,69.08235168,18.51974106,25.93595314,87.70999908
2016/6/3,64.99520874,68.96862793,18.46857834,25.84101677,84.95999908
2016/6/6,66.24357605,69.29804229999999,18.40889168,25.99637032,85.48999786
2016/6/7,65.90473175,68.97254944,18.34920502,26.01363373,82.44000244
2016/6/8,65.45887756,70.25098419,17.9143486,26.16036034,82.90000153
2016/6/9,64.8525238,70.8666687,18.36625862,26.09994125,81.61000061
2016/6/10,64.78118896,69.94117737,20.6599102,25.9273262,80.41000366
2016/6/13,64.39778137,69.40392303,20.25063705,25.74607277,80.01000214
2016/6/14,65.18244934,69.27843475,20.28474426,26.27256012,79.77999878
2016/6/15,64.70985413,68.50196075,20.190952300000003,26.40202904,79.44999695
2016/6/16,63.9608345,68.51372528,20.19094849,26.65360069,80.0
2016/6/17,63.01564789,67.80392456,19.98439026,26.61880493,77.11000061
2016/6/20,63.27423859,68.56078339,19.58849144,26.81888008,78.48999786
2016/6/21,63.5328331,68.51372528,19.44217873,26.91457367,77.59999847
2016/6/22,64.47801971,68.60784149,19.45078468,26.77538872,78.5
2016/6/23,64.77226257,69.65097809,19.66595268,27.13204575,81.66000366
2016/6/24,62.96213913,67.00784302,19.1323452,25.94028664,76.98000336
2016/6/27,62.70355225,65.78431702,18.70201683,25.50533676,72.44000244
2016/6/28,64.21051788,67.16470337,19.20980072,26.0446701,76.58000183
2016/6/29,65.43859863,68.83137512,19.5970993,26.57530785,78.73999786
2016/6/30,65.93163299999999,69.33333588,19.79504395,27.38431358,79.98000336
2016/7/1,66.13782501,69.49411774,20.12209702,27.39301491,81.26999664
2016/7/5,66.13782501,69.50980377,19.87250519,27.35821724,79.70999908
2016/7/6,66.20952606,69.85882568,20.13070107,27.61048698,82.48000336
2016/7/7,66.40673828,69.79608154,20.22537422,27.68008041,83.52999878
2016/7/8,67.48243713,70.87059021,20.30283356,28.01063919,85.69999695
2016/7/11,67.58103943,71.28627777,20.27701187,28.01933479,85.0
2016/7/12,68.30712891,70.94117737,20.32004738,28.06282616,84.97000122
2016/7/13,68.64779663,71.02352905,20.35447311,28.14982414,82.55999756
2016/7/14,68.81810759999999,71.15686035,20.48356819,28.38468933,82.13999939
2016/7/15,68.12786102,70.81568909,20.88807678,28.60216904,83.83000183
2016/7/18,68.09200287,70.94902039,20.57824326,28.62826538,84.12999725
2016/7/19,67.65275574,70.78823853,20.5266037,28.64566231,82.81999969
2016/7/20,67.87686157,70.92549133,20.68152428,28.51517487,86.87999725
2016/7/21,67.67963409,70.4784317,20.48356819,28.34989548,87.79000092
2016/7/22,67.84100342,70.84706116,20.57824326,27.88885689,86.41000366
2016/7/25,67.73343658,70.5215683,20.57824326,27.52349663,86.43000031
2016/7/26,67.28522491,70.93725586,20.72455406,27.37561035,86.95999908
2016/7/27,68.54917908,70.19999695,20.75897408,27.21033287,88.72000122
2016/7/28,66.92667389,70.30588531,20.69873619,27.18423653,88.12000275
2016/7/29,67.06112671,70.97254944,20.47496605,27.08855057,90.20999908
2016/8/1,68.29817963,70.64313507,20.58684731,27.09724426,90.0
2016/8/2,67.27626801,70.56862640000001,20.12209702,27.01025963,88.94999695
2016/8/3,67.05214691,70.46274567,20.29422569,27.07984924,90.80999756
2016/8/4,67.51831055,64.12940979,20.5266037,27.114645,90.12000275
2016/8/5,56.72541046,65.47451019,20.48356819,27.21033287,90.83999634
2016/8/8,54.05408478,65.10588074,20.43193054,27.20163727,88.04000092
2016/8/9,55.22838974,64.52941132,20.45775223,27.2277317,86.48000336
2016/8/10,54.30507278,65.18431091,20.55241966,27.20163727,83.48999786
2016/8/11,54.65468216,65.67058563,20.69013023,27.21903229,81.20999908
2016/8/12,54.34989166,64.88627625,21.137666699999997,27.17553711,81.05000305
2016/8/15,53.81204987,64.4784317,20.92250443,27.17553711,80.55000305
2016/8/16,53.25626755,63.87058639999999,20.99135399,27.13204575,77.86000061
2016/8/17,52.26124191,63.29411697,21.06020927,27.21903229,76.48000336
2016/8/18,52.60187912,63.29019547,20.612670899999998,27.34081841,76.16000366
2016/8/19,53.14868927,63.25098038,20.69873619,27.18423653,76.11000061
2016/8/22,53.12179947,63.71764755,20.85365105,27.24512863,81.98000336
2016/8/23,53.65966034,62.94117737,21.09463882,27.1668396,81.90000153
2016/8/24,52.5212059,62.67843246,21.137666699999997,27.15814018,82.44000244
2016/8/25,52.67359543,63.06666565,21.06020927,27.14944077,80.09999847
2016/8/26,52.68255997,64.06274414,20.87947273,27.1668396,81.04000092
2016/8/29,52.67359543,64.40000153,21.12906265,27.27992439,81.33000183
2016/8/30,51.31103516,64.23921204,20.82783508,27.28862572,80.98000336
2016/8/31,51.44549561,64.23136902,18.64177322,27.17553711,81.09999847
2016/9/1,50.88075256,63.91372681,18.56430817,27.14074135,80.80999756
2016/9/2,50.51321793,64.42745209,18.63316345,27.21903229,82.01999664
2016/9/6,51.06004333,64.4352951,18.40939331,27.01025963,83.75
2016/9/7,50.71043777,64.4784317,18.78808022,27.01895523,82.44999695
2016/9/8,50.92556763,64.36078644,19.08070374,27.0015583,81.55999756
2016/9/9,49.894699100000004,62.29803848,18.88275719,26.19255638,79.12999725
2016/9/12,50.48633194,63.48235321,19.34352112,26.52311707,81.16000366
2016/9/13,49.84090424,62.77647018,19.23919487,25.96638107,79.20999908
2016/9/14,49.50923157,62.51372528,19.30005074,25.83589935,80.05000305
2016/9/15,50.17258072,63.83137131,19.46523094,26.08951569,80.36000061
2016/9/16,49.84090424,64.35294342,19.48262024,26.02812767,82.15000153
2016/9/19,49.37477112,63.71764755,19.43915176,25.80888748,83.51000214
2016/9/20,49.80506134,63.84313583,19.51739693,26.01935959,85.05999756
2016/9/21,50.13673019,64.65882111,19.85645103,26.17721176,86.70999908
2016/9/22,50.57596588,65.59999847,20.04771423,26.34383392,89.26999664
2016/9/23,50.62976456,64.49019623,20.07379532,26.21229362,88.98000336
2016/9/26,49.7333374,63.77254868,19.80428886,25.90535355,88.76000214
2016/9/27,49.96641541,64.223526,19.77820587,26.20351791,89.06999969
2016/9/28,49.38373184,64.23529053,19.92599869,26.22106361,93.19999695
2016/9/29,48.29010391,63.19607925,19.69126701,25.89658165,92.29000092
2016/9/30,48.33492279,63.91372681,20.12595367,25.97550964,94.29000092
2016/10/3,48.99827194,63.30588149999999,19.83906364,25.99304962,95.54000092
2016/10/4,49.49131012,62.76078415,19.63910866,25.8702755,94.16999817
2016/10/5,49.45520782,63.27058792,19.891222,25.8702755,95.69000244
2016/10/6,49.68988419,63.96862793,19.79559517,25.66857338,94.77999878
2016/10/7,50.03287888,63.43921661,19.69126701,25.50195122,97.83000183
2016/10/10,44.96010208,63.93725586,19.84775734,25.30902481,95.94999695
2016/10/11,44.72541428,62.20784378,19.83906364,25.36164284,92.11000061
2016/10/12,45.14062119,62.13725662,20.00424385,25.34410286,89.97000122
2016/10/13,45.34822845,61.19607925,19.95207977,25.23009109,89.52999878
2016/10/14,44.92399216,60.14117813,20.05640602,25.33532906,87.09999847
2016/10/17,44.53585434,60.08235168,20.0998745,25.30025291,86.69999695
2016/10/18,45.17673111,60.13725662,20.07379532,25.41425705,88.77999878
2016/10/19,45.01425171,60.41176605,20.17811775,25.48441696,87.95999908
2016/10/20,45.45654678,59.94117737,20.24766541,25.49318504,88.48999786
2016/10/21,45.14963913,59.81960678,20.33460426,25.41425705,87.72000122
2016/10/24,44.4365654,59.97647095,20.42154312,25.36164284,88.18000031
2016/10/25,44.72541428,59.05490112,19.99555016,25.12486267,87.19999695
2016/10/26,44.49072266,58.41568756,19.81298447,25.31778908,87.25
2016/10/27,46.90074921,58.39215851,19.7260437,25.107324600000002,87.01000214
2016/10/28,46.03421783,58.55294037,19.76081848,25.62472725,87.12999725
2016/10/31,45.95299149,58.50980377,19.96946716,25.51949501,86.97000122
2016/11/1,45.85369492,57.66274643,19.43045807,25.32656479,90.02999878
2016/11/2,45.64609528,61.21176529,19.43045807,24.98455048,87.19000244
2016/11/3,45.3211441,60.34117508,19.27397156,24.80038452,83.27999878
2016/11/4,46.04323959,60.72941208,19.06531906,24.94069672,87.56999969
2016/11/7,47.49648666,61.23529434,19.15225983,25.70365715,92.15000153
2016/11/8,47.98391342,61.79999924,19.24789238,25.8001194,92.16000366
2016/11/9,50.81817627,61.77254868,18.51762009,25.98428535,104.1299973
2016/11/10,51.14312363,60.66274643,19.16095734,26.66831017,104.70999909999999
2016/11/11,50.88135529,61.43921661,19.84775734,26.931400300000004,104.5100021
2016/11/14,51.05286026,61.89411926,20.49109077,26.75600433,104.8899994
2016/11/15,51.17020416,61.956863399999996,20.77798271,26.96647453,103.1600037
2016/11/16,50.72791289999999,62.43921661,19.32613373,26.95770645,100.7399979
2016/11/17,51.16117859,62.30980301,20.02163124,27.00155067,105.5500031
2016/11/18,51.23337936,61.55294037,20.12595367,26.89631844,103.6299973
2016/11/21,51.20630264,58.25490189,20.21289063,27.07170868,108.09999850000001
2016/11/22,51.04383087,59.96862793,20.33460426,27.34356308,106.8000031
2016/11/23,51.22436142,59.98431396,20.58672333,27.483881,106.8000031
2016/11/25,51.43196487,59.28627396,20.84753227,27.57157707,107.7300034
2016/11/28,51.00772095,59.35686111,18.96969032,27.40495491,105.16999820000001
2016/11/29,50.87233353,60.09411621,19.45653725,27.22956276,105.0699997
2016/11/30,50.94453812,58.41568756,19.26527596,26.97524643,102.29000090000001
2016/12/1,50.36685562,58.53333282,19.12478256,27.52772713,99.93000031
2016/12/2,50.51128006,58.65490341,19.07209969,27.483881,102.01999659999998
2016/12/5,50.1411972,58.79999924,19.44089699,27.28217697,104.7600021
2016/12/6,50.57446671,58.78039169,19.92384338,27.33479881,107.20999909999999
2016/12/7,49.86138916,58.56078339,20.49460411,27.71188927,101.95999909999999
2016/12/8,49.85235596,58.99215698,20.01165581,27.65050507,102.8799973
2016/12/9,51.48612213,59.68235397,20.15214729,27.86974144,100.6299973
2016/12/12,51.04383087,59.27843094,20.58241081,27.93989944,100.86000059999999
2016/12/13,51.60345459,60.19215775,20.41557312,27.83466339,101.54000090000001
2016/12/14,52.80396271,59.93333435,20.09946251,27.62419319,102.41999820000001
2016/12/15,52.93936539,60.46274567,20.27508163,27.413724900000002,104.58000179999999
2016/12/16,52.91227722,60.29803848,20.59119415,27.84343147,103.0
2016/12/19,53.63438416,59.61960602,20.37167168,27.99251938,100.79000090000001
2016/12/20,53.36360168,59.62745285,20.37167168,28.28191185,102.20999909999999
2016/12/21,52.97546768,60.01568604,20.3804512,28.1766758,99.76000214
2016/12/22,53.03865051,59.75686264,20.45947647,28.12329483,101.4700012
2016/12/23,53.80588913,59.91764832,20.44191742,28.17632675,102.94000240000001
2016/12/27,53.55314636,60.08235168,20.64387894,28.19400215,102.5299988
2016/12/28,52.90325546,59.70588303,20.45069695,28.01723671,101.0999985
2016/12/29,53.16501236,60.04705811,20.38923073,28.02606964,101.95999909999999
2016/12/30,52.74980927,59.49411774,20.18727112,27.92885208,100.26999659999998
2017/1/3,53.66146469,61.14902115,20.11702347,28.00839806,102.3199997
2017/1/4,53.73415756,61.39215851,20.54728889,28.01723671,102.8399963
2017/1/5,54.63365936,61.06274414,20.8019371,27.85814667,104.80999759999999
2017/1/6,54.47011185,61.24705887,21.07414055,27.93768883,108.3099976
2017/1/9,54.27022171,61.66666794,20.71412468,27.80511665,118.52999879999999
2017/1/10,54.49736786,61.99607849,20.76680946,27.725576399999998,119.3000031
2017/1/11,51.60805511,61.86666489,20.82827759,27.81395531,115.29000090000001
2017/1/12,51.38089371,61.61960602,20.85462379,27.7432518,117.5500031
2017/1/13,51.08106995,62.37254715,20.8897419,27.71673965,117.75
2017/1/17,51.13557434,62.26666641,20.91608238,27.63719177,113.6399994
2017/1/18,50.94477081,62.62352753,20.77558899,27.60183716,115.0899963
2017/1/19,50.41778946,61.85490036,20.43313789,27.58415985,117.52999879999999
2017/1/20,44.72999954,61.52941132,20.31898308,26.98316193,117.22000120000001
2017/1/23,45.42961502,60.92156982,20.11702347,26.29377747,117.41999820000001
2017/1/24,44.48467636,61.53725433,20.29264259,26.51473045,118.3000031
2017/1/25,45.02075577,62.85882187,20.27508163,26.84174728,120.9100037
2017/1/26,42.54029083,62.43921661,20.10824394,26.79755783,120.6399994
2017/1/27,43.37620163,62.60784149,19.48480034,26.52357483,121.72000120000001
2017/1/30,44.23935699,62.08627319,19.23015404,26.47938347,118.2300034
2017/1/31,44.66640091,62.69019699,18.84379578,26.24958229,121.20999909999999
2017/2/1,44.78451538,62.69019699,18.52768326,26.24074936,124.2699966
2017/2/2,45.88391113,63.22352982,18.56280708,26.23190689,120.91999820000001
2017/2/3,46.13832092,63.78823471,18.81745338,26.24958229,120.3399963
2017/2/6,46.37456131,63.76078415,18.9930706,26.214233399999998,119.6800003
2017/2/7,46.93787766,64.30588531,18.878919600000003,26.12585068,118.1800003
2017/2/8,47.2468071,64.16078186,18.58036804,26.0109539,122.7300034
2017/2/9,46.80158615,64.64705658,18.53646278,26.15236664,122.95999909999999
2017/2/10,46.92879868,64.73332977,18.483778,26.26726532,121.6999969
2017/2/13,47.27406311,64.74901581,18.30815887,26.55008698,121.15000149999999
2017/2/14,48.80049896,65.35294342,18.41353035,26.76220131,123.3199997
2017/2/15,49.99983215,65.84313965,18.26425743,26.82406807,120.9400024
2017/2/16,49.31839371,65.58823395,18.05351639,26.91245651,120.1800003
2017/2/17,49.60005951,65.92549133,18.00961113,26.84174728,120.4899979
2017/2/21,49.772686,67.84706116,18.08864021,26.97432137,122.3600006
2017/2/22,50.29058838,67.70195770000001,17.80764961,26.80639458,121.3600006
2017/2/23,50.67219543,67.41960907,17.60569,26.75257111,121.9499969
2017/2/24,51.28094864,68.05097961,17.60569,26.90406799,131.2100067
2017/2/27,51.38998413,68.05490112,17.79008675,26.68127632,134.0200043
2017/2/28,51.52626801,67.27843475,18.05351639,26.56542587,133.1000061
2017/3/1,51.95331192,67.45098114,18.11497879,26.90406799,133.2200012
2017/3/2,51.66255569,67.07058716,18.13254166,26.90406799,132.8000031
2017/3/3,52.02600098,67.28235626,18.42231369,26.84168625,136.91000369999998
2017/3/6,51.76250458,67.01960754,18.41353035,26.73474503,134.38000490000002
2017/3/7,51.18101501,67.08235168,18.29937935,26.60998344,133.3899994
2017/3/8,51.89878845,67.01568604,21.02145767,26.55651665,136.0
2017/3/9,52.68927002,67.03529358,20.50338364,26.43175316,138.0200043
2017/3/10,52.98910904,67.51764679,21.03524971,26.9842701,149.2400055
2017/3/13,51.72616196,67.53725433,21.33663559,26.60998344,151.02999880000002
2017/3/14,51.50810623,67.15686035,21.31004715,26.32481575,150.96000669999998
2017/3/15,52.38034821,67.73332977,21.64689064,26.52087212,152.66000369999998
2017/3/16,52.07143021,67.12548828,21.5050602,26.51195717,148.4400024
2017/3/17,51.14466858,67.15686035,21.6734848,26.62781143,147.96000669999998
2017/3/20,51.25369263,67.21960449,21.15935135,26.50304604,148.5200043
2017/3/21,50.61767578,66.98039246,20.66293907,26.19114304,140.7299957
2017/3/22,51.20826721,67.39215851,20.6984005,26.31589699,141.27999880000002
2017/3/23,50.67219543,67.23921204,20.17539787,26.39610672,138.97000119999998
2017/3/24,50.78122329999999,67.15686035,19.87400818,26.48522377,139.6399994
2017/3/27,50.9175148,67.16078186,20.042436600000002,26.235698699999997,139.8899994
2017/3/28,51.06289291,67.09411621,20.37041664,26.39610672,139.4799957
2017/3/29,50.83574295,67.01568604,20.23745155,26.44957542,139.27999880000002
2017/3/30,50.299678799999995,66.99215698,20.55657196,26.61889648,137.7700043
2017/3/31,49.40925598,66.65489960000001,20.60975647,26.55651665,133.6699982
2017/4/3,49.25479126,66.29412079,20.5477066,26.62781143,138.5200043
2017/4/4,49.191185,66.20391846,20.63634872,26.75257111,141.5500031
2017/4/5,48.57801819,65.9568634,20.34382248,26.70801544,138.42999269999999
2017/4/6,48.77019882,66.23529053,20.9022789,26.672367100000002,135.5
2017/4/7,48.88917923,65.70587921,20.74272156,26.72583771,140.1100006
2017/4/10,48.82511139,66.24313354,20.87569046,26.74365997,136.88000490000002
2017/4/11,48.48649597,66.69019318,20.92887497,26.77039337,136.07000730000001
2017/4/12,48.49565125,66.16862488,20.94660187,26.52978325,138.2700043
2017/4/13,48.34922028,65.8235321,20.83136559,26.34263802,140.83999630000002
2017/4/17,48.45904541,66.223526,20.98206329,26.41393089,126.0699997
2017/4/18,48.44073868,65.76470947,21.10616112,26.59216309,125.90000149999999
2017/4/19,48.68783569,65.87451172,21.46960449,26.73474503,124.54000090000001
2017/4/20,48.90747833,66.4313736,20.95546722,26.97535896,123.1100006
2017/4/21,48.94408798,65.92549133,20.45906067,26.33372688,123.0100021
2017/4/24,49.00815201,66.58823395,20.92887497,26.33372688,123.9100037
2017/4/25,49.36507416,66.75294495,21.48733139,26.24461174,124.3899994
2017/4/26,49.20949554,67.91372681,21.17707825,26.07529068,123.08000179999999
2017/4/27,50.94834137,68.30588531,21.51392555,25.91488457,124.16999820000001
2017/4/28,51.29611588,68.15686035,21.9748745,25.83467674,124.27999879999999
2017/5/1,51.53406143,68.07843018,21.85077477,25.79011917,124.0
2017/5/2,51.20460129,68.79216003,21.9748745,25.83467674,123.70999909999999
2017/5/3,50.39009094,68.89804077,21.9926033,26.04855537,123.20999909999999
2017/5/4,50.50905609,69.83529663,22.30286026,26.02181816,125.0
2017/5/5,50.47245026,69.94117737,22.40036774,26.03964615,122.4100037
2017/5/8,50.28026199,68.63529205,22.40036774,25.90597153,117.79000090000001
2017/5/9,50.62803268,69.57254791,22.94109154,25.78120995,119.7300034
2017/5/10,50.4632988,69.05097961,23.49068642,25.57624245,118.22000120000001
2017/5/11,50.4632988,69.1764679,23.41977501,25.72773933,116.4300003
2017/5/12,50.36262131,68.87059021,23.56160736,25.19304657,115.1900024
2017/5/15,50.42668915,69.06666565,23.74775505,25.11284065,117.34999850000001
2017/5/16,49.77690506,69.34902191,22.32058525,24.98807526,117.7600021
2017/5/17,49.79521179,68.45490265,22.23194504,24.42664719,120.4899979
2017/5/18,49.218647,69.43137359999999,22.41809654,24.48903084,128.8000031
2017/5/19,49.43828583,69.72940826,22.73721504,24.9969883,131.4299927
2017/5/22,49.5114975,70.94509888,22.87904358,25.11284065,134.42999269999999
2017/5/23,49.612178799999995,71.41176605,22.82586098,25.2019558,136.16000369999998
2017/5/24,49.25525284,71.22744751,22.95882416,24.80093575,138.1000061
2017/5/25,49.77690506,71.8666687,23.1006546,24.49794006,138.41000369999998
2017/5/26,49.39253616,71.63921356,23.14497757,24.46229553,134.38000490000002
2017/5/30,49.35591888,71.72156525,23.30453873,24.38209152,130.4900055
2017/5/31,49.37422943,72.14509583,23.52614594,24.3999157,129.3300018
2017/6/1,49.90503311,73.14117432,24.10233498,24.70290756,129.2799988
2017/6/2,50.30771637,73.16470337,23.83640289,24.84549332,131.5
2017/6/5,47.91907883,72.63137054,23.73002815,24.93460846,124.02999879999999
2017/6/6,47.278446200000005,72.1764679,23.36658478,24.89005089,122.2699966
2017/6/7,48.11127472,72.70587921,23.36658478,24.66726303,119.15000149999999
2017/6/8,48.36751556,72.22744751,23.38431549,24.58705711,119.75
2017/6/9,49.19117737,72.84313965,23.21589088,24.89896584,119.04000090000001
2017/6/12,49.74945068,72.16470337,23.4375,25.79011917,116.4400024
2017/6/13,49.59386444,72.05882263,23.9250412,25.35345078,118.5199966
2017/6/14,49.89588547,72.16470337,25.82202911,25.56733131,120.0899963
2017/6/15,49.6762352,72.02352905,26.60209846,26.01646423,120.3700027
2017/6/16,49.84096909,71.65882111,26.52231979,26.29720497,118.0500031
2017/6/19,50.53651047,72.57254791,27.14282799,26.11584473,122.27999879999999
2017/6/20,50.93919373,71.41960907,26.69074249,25.50828743,124.58000179999999
2017/6/21,51.31441498,71.87059021,27.60217667,25.19091034,133.9900055
2017/6/22,52.46754837,72.25882721,27.83450127,24.98234367,135.63000490000002
2017/6/23,51.83608246,72.223526,27.92385864,25.00048256,136.27999880000002
2017/6/26,52.09233093,72.53333282,27.98640633,25.0367527,134.66999819999998
2017/6/27,51.15884018,71.71372223,28.00428009,24.67403412,130.3099976
2017/6/28,51.13137817,72.26667023,27.46813965,24.55615044,134.33000180000002
2017/6/29,51.08562469,71.5215683,27.59323883,24.50174332,128.7799988
2017/6/30,50.99410248,71.77255249,27.62004852,24.49267006,125.9100037
2017/7/3,51.4974556,71.36078644,27.75407982,24.89166451,125.8700027
2017/7/5,51.93059158,72.03137207,27.73620987,24.80098152,128.3399963
2017/7/6,50.94451141,71.02352905,27.95066452,23.85791206,127.22000120000001
2017/7/7,51.52510834,71.70195770000001,28.03108597,23.71282196,130.8399963
2017/7/10,51.54353714,70.83137512,27.99534607,23.61307716,129.5599976
2017/7/11,50.99058914,70.85490417,27.98640633,23.92139053,131.9199982
2017/7/12,50.72333908,71.83137512,28.15618706,24.10274696,133.2200012
2017/7/13,50.38235474,71.54117584,27.92385864,24.29317856,133.4199982
2017/7/14,50.82471085,72.36078644,27.28049469,24.28410721,134.2700043
2017/7/17,50.49294662,72.74901581,27.08390617,24.32037926,130.61999509999998
2017/7/18,50.44687653,72.30588531,27.11965179,24.38385773,130.8500061
2017/7/19,50.75097275,72.62744904,27.05710602,24.42920113,130.4499969
2017/7/20,51.09196472,72.32941437,27.33411026,24.20249939,133.7899933
2017/7/21,51.28549957,72.51764679,26.628192900000002,23.49519157,134.22000119999998
2017/7/24,51.2394104,72.81961059999999,26.61032104,23.05992889,138.2700043
2017/7/25,51.56196976,72.44705963,27.00348854,23.06899643,133.5599976
2017/7/26,51.58961487,72.44705963,26.96774673,23.205019,137.1900024
2017/7/27,49.98608017,71.69803619,27.17326736,23.38637733,132.7200012
2017/7/28,50.93529892,71.72940826,27.01242447,23.15060806,135.7400055
2017/7/31,52.43746185,71.45490265,27.2536869,23.22315216,133.2899933
2017/8/1,51.70941925,71.08627319,27.36091232,23.06899643,128.7599945
2017/8/2,50.89843369,70.31372833,27.22687912,23.14154243,125.70999909999999
2017/8/3,51.14725876,70.26667023,27.28942871,23.35917282,125.9800034
2017/8/4,51.56196976,70.08235168,26.88732529,23.37730789,128.6999969
2017/8/7,51.88451385,72.07450867,27.01242447,23.24129105,132.0
2017/8/8,52.44667816,68.24313354,27.08390617,23.17781258,130.6999969
2017/8/9,52.89824677,66.52941132,27.61111069,23.31383133,130.0800018
2017/8/10,52.15177155,65.61568451,27.36984825,22.94204521,122.1200027
2017/8/11,52.28078842,66.89411926,27.43239975,22.85136795,124.09999850000001
2017/8/14,53.10099029999999,66.38039398,27.9417305,22.99645424,126.27999879999999
2017/8/15,53.33138275,65.85882568,28.1383152,22.79695511,126.3700027
2017/8/16,52.99040222,66.78823853,27.46813965,22.76068306,124.3399963
2017/8/17,52.31764984,66.51372528,26.98561668,22.44330597,121.7399979
2017/8/18,51.99510193,66.46666718,26.61032104,22.26194572,121.1900024
2017/8/21,52.1978569,66.98823547,26.565639500000003,22.20753479,120.8899994
2017/8/22,53.14707184,67.1764679,27.021362300000003,22.30728722,123.8600006
2017/8/23,53.33138275,66.84706116,26.86945152,22.11685371,123.65000149999999
2017/8/24,53.60785675,67.08235168,27.20007324,22.03524399,123.8199997
2017/8/25,53.79217148,67.28235626,26.54777336,22.20753479,121.7600021
2017/8/28,53.98571014,66.50196075,26.45841408,22.18940163,123.54000090000001
2017/8/29,54.24374008,66.05097961,26.11886024,22.162193300000002,124.97000120000001
2017/8/30,54.72296524,66.51764679,23.95643806,22.017105100000002,138.2700043
2017/8/31,55.73669434,68.10980225,23.89388657,22.26194572,137.41000369999998
2017/9/1,55.20217896,68.05097961,23.92069626,22.79695511,138.02999880000002
2017/9/5,55.11923599,67.58823395,23.58114243,22.44330597,135.33999630000002
2017/9/6,55.174522399999994,67.62352753,23.23265266,22.59745979,135.8600006
2017/9/7,57.91159439,68.56078339,22.95564651,21.78133965,134.33999630000002
2017/9/8,57.70885086,68.76078796,23.30413437,21.59998131,129.4600067
2017/9/11,57.80101395,69.63529205,23.3130703,21.50930214,124.9499969
2017/9/12,58.07748413,68.98823547,23.94437599,21.68159103,123.15000149999999
2017/9/13,57.57983398,66.22744751,23.42129517,21.86295128,123.5899963
2017/9/14,57.77336121,63.19607925,23.84516716,21.99897575,119.7600021
2017/9/15,57.57983398,65.00392151,23.34012604,21.92530823,119.15000149999999
2017/9/18,57.78257751,63.45098114,23.4303112,22.41090584,118.40000149999999
2017/9/19,57.99452972,62.07058716,23.59264565,22.17268753,117.0899963
2017/9/20,58.51062393,63.05097961,23.63773918,22.28263474,114.8700027
2017/9/21,58.36316681,62.21176529,23.63773918,22.67661667,115.0500031
2017/9/22,58.39081573,62.4313736,24.12474442,22.78656006,110.84999850000001
2017/9/25,58.23414612,63.01176453,23.63773918,23.00645638,109.6900024
2017/9/26,57.99452972,63.05097961,23.77301788,22.84153366,109.15000149999999
2017/9/27,58.01297379,63.63137436,24.07063103,22.32844734,110.3099976
2017/9/28,58.06826401,63.41960907,24.56665802,22.20933342,113.1399994
2017/9/29,58.74101639,64.30588531,23.88123894,22.15436363,116.7399979
2017/10/2,59.49670792,63.55294037,23.80007553,22.51169586,115.1900024
2017/10/3,59.24787903,63.98431396,23.98044586,22.72242737,112.8000031
2017/10/4,59.66259003,64.10980225,23.17778969,22.42923164,113.83000179999999
2017/10/5,59.15264511,63.98431396,22.25789452,22.48420715,113.5699997
2017/10/6,60.089077,63.5215683,22.42023087,22.34677315,114.6999969
2017/10/9,59.47715759,62.82352829,22.87115669,21.46719551,113.9899979
2017/10/10,60.38576126,62.65882492,23.18681145,21.40305901,114.7699966
2017/10/11,60.36722946,63.27058792,23.09662437,21.13735199,111.6200027
2017/10/12,60.58974838,63.14509964,23.22288704,21.11902618,112.7300034
2017/10/13,60.53411484,63.47451019,22.72686005,21.05489159,114.3099976
2017/10/16,59.01358032,64.24313354,22.84410286,21.40305901,116.59999850000001
2017/10/17,59.50497818,64.66666412,22.40219498,21.24729919,115.6399994
2017/10/18,59.05993652,64.54117584,22.58256531,21.18316269,115.1399994
2017/10/19,59.95928192,65.16862488,23.04251289,21.6046257,114.2699966
2017/10/20,59.72748566,66.29804229999999,23.19582748,21.83368683,114.1900024
2017/10/23,59.1062851,64.98039246,23.67381668,20.45018196,113.4800034
2017/10/24,59.01358032,65.07450867,23.81811333,20.05620193,114.04000090000001
2017/10/25,59.33807755,65.01960754,23.39423752,19.69887543,114.5500031
2017/10/26,56.51024628,63.89804077,23.90829659,19.53395653,115.5599976
2017/10/27,55.57381821,60.03921509,23.69185448,19.04835892,116.2699966
2017/10/30,56.40826416,60.94117737,22.81704712,18.70018768,114.2399979
2017/10/31,57.16853714,61.64706039,22.3120079,18.47113419,113.25
2017/11/1,57.63211441,60.58039093,22.08654404,18.34286118,107.95999909999999
2017/11/2,57.69701004,59.84313583,21.51836967,18.26956177,106.5100021
2017/11/3,57.68774414,60.89411926,21.69874191,18.45281219,105.08000179999999
2017/11/6,57.18708038,54.93333435,21.95126534,18.44364738,105.4300003
2017/11/7,57.40032578,55.69411850000001,21.66267014,18.51694298,108.1399994
2017/11/8,58.02151489,54.90196228,22.77195549,18.43448257,104.9800034
2017/11/9,57.47449493,54.63529587,22.90723419,18.31537056,102.9899979
2017/11/10,56.42681503,52.58823395,22.61863708,18.77348709,104.7600021
2017/11/13,56.54734039,52.15686417,23.40325737,17.42663574,107.20999909999999
2017/11/14,56.78839874,52.42353058,23.32208633,16.40045738,105.1200027
2017/11/15,56.62150955,53.30980301,22.76293564,16.7303009,105.2399979
2017/11/16,57.36323929,54.51764679,23.34012604,16.72113991,106.4800034
2017/11/17,56.85329819,54.21176529,23.52951813,16.6844902,105.47000120000001
2017/11/20,56.37117386,52.94117737,23.34012604,16.4737587,98.94999695
2017/11/21,56.77912903,53.30980301,23.06956863,16.33632469,98.94999695
2017/11/22,56.686409,54.86274338,23.3130703,16.6295166,99.0
2017/11/24,56.95528793,54.87843323,23.14171791,16.66616631,98.77999878
2017/11/27,57.12217712,54.81568527,22.98840141,16.60202789,97.86000061
2017/11/28,57.96589279,55.29411697,23.04251289,16.86773491,95.83000183
2017/11/29,58.31820297,55.13725662,23.33111,16.93186951,95.95999908
2017/11/30,58.58707809,56.03921509,23.61068344,16.757787699999998,98.98999786
2017/12/1,58.63344574,55.41960907,23.53786659,16.382137300000004,97.94000244
2017/12/4,57.91952515,55.85097885,23.89284897,16.4462738,93.68000031
2017/12/5,57.50230789,55.76470566,23.92925644,16.27218628,93.70999908
2017/12/6,56.52879715,53.00392151,26.38680458,16.29507256,93.79000092
2017/12/7,57.33542633,52.99607849,24.93047905,16.3412075,94.83000183
2017/12/8,57.87316895,53.25490189,24.7757473,16.3412075,96.58000183
2017/12/11,58.42946625,53.58431244,25.03060532,16.2858448,97.25
2017/12/12,58.67052460000001,53.18431473,25.06701279,16.5257473,95.40000153
2017/12/13,58.8466835,53.88235474,24.8576622,16.38734436,98.09999847
2017/12/14,57.60429382,53.874507900000005,24.47537613,16.27661514,95.97000122
2017/12/15,57.86389923,55.02745056,24.75754166,16.44270515,96.41000366
2017/12/18,57.85463333,55.02745056,25.21264267,16.38734436,93.55999756
2017/12/19,57.07581711,56.07058716,25.1489296,16.23048019,95.01999664
2017/12/20,56.74204254,55.76470566,25.34917259,16.1013031,94.02999878
2017/12/21,57.02018738,55.81176376,24.30244064,16.119756699999996,96.36000061
2017/12/22,56.51952362,55.69411850000001,23.87464523,16.14743805,95.80999756
2017/12/26,56.79766846,55.388237,23.71990967,16.19836617,95.40000153
2017/12/27,57.18708038,55.2627449,24.07488823,16.15189552,96.51000214
2017/12/28,57.27051544,55.34117508,24.18411446,16.13331413,95.37999725
2017/12/29,56.81621552,54.80784225,23.86554146,16.21695137,94.70999908
2018/1/2,56.84402847,56.05490112,24.35705185,16.70950127,100.88999940000001
2018/1/3,56.89038467,56.58039093,24.2569294,16.86749077,100.98000340000002
2018/1/4,57.62763977,56.611763,24.22962379,17.22064209,98.44000244
2018/1/5,57.75830078,57.51372528,24.38435745,17.22993469,99.84999847
2018/1/8,57.77696228,58.30588149999999,23.94745827,16.98830605,100.80999759999999
2018/1/9,57.72096252,57.60784149,24.06578636,17.24851799,96.29000092
2018/1/10,57.87028503,57.090194700000005,23.63799286,17.59237289,96.62000275
2018/1/11,58.29957962,57.49019623,23.73811531,17.67601395,93.05999756
2018/1/12,58.61688614,58.69804001,23.99296951,17.4343853,94.06999969
2018/1/16,55.91981506,59.63921738,24.23872375,16.92324829,91.65000153
2018/1/17,57.72096252,59.88235474,24.10219383,16.12401772,90.30999756
2018/1/18,57.70230484,58.52548981,24.14770699,15.58500576,91.91999817
2018/1/19,58.12226105,59.57646942,23.92015266,15.11103916,93.16000366
2018/1/22,59.05551147,59.92941284,24.10219383,15.02740097,94.08000183
2018/1/23,59.19548798,59.84313583,25.05791092,15.69652367,94.62999725
2018/1/24,59.50345612,60.71372604,24.72113419,15.27832222,95.33999634
2018/1/25,59.27947998,61.28627396,24.41166496,15.03669262,94.26000214
2018/1/26,59.96075439,61.90588379,24.32064247,14.99022484,95.51000214
2018/1/29,60.128738399999996,62.28235245,24.42076683,15.12962627,93.54000092
2018/1/30,59.69011688,61.23137283,24.06578636,14.82294559,92.5
2018/1/31,58.42089844,59.35686111,24.15680695,15.02740097,90.29000092
2018/2/1,58.60754776,59.043136600000004,23.80182648,14.88799667,89.66999817
2018/2/2,59.24215317,58.31372452,23.17378616,14.53485012,85.91999817
2018/2/5,56.89038467,56.31372452,22.272686,13.85643291,85.33999634
2018/2/6,56.83438873,57.67058945,22.90983009,14.19099617,88.11000061
2018/2/7,58.44889832,57.23137283,23.42864418,14.1724081,86.33999634
2018/2/8,58.50488663,55.5686264,22.92803192,13.42893887,83.91999817
2018/2/9,58.51422501,56.27450943,22.68227768,13.88431454,84.5
2018/2/12,58.94351196,56.611763,22.87341881,13.77279377,87.51999664
2018/2/13,59.60611343,52.85490036,23.58337784,13.63339233,88.02999878
2018/2/14,60.98731232,53.67058945,24.52089119,13.84713936,88.16999817
2018/2/15,64.37498474,53.63137436,25.08521461,13.80067253,85.58999634
2018/2/16,64.35631561,54.52548981,25.52211571,13.98654079,86.02999878
2018/2/20,62.85380173,53.30980301,24.73023415,13.69844532,85.51000214
2018/2/21,62.08853149,53.86666489,24.03848076,13.46611309,84.70999908
2018/2/22,61.53792953,53.30980301,23.80182648,13.58692551,85.19000244
2018/2/23,63.41373825,53.37254715,24.41166496,13.58205318,87.80000305
2018/2/26,64.04834747,53.090194700000005,24.45717239,13.73202419,87.52999878
2018/2/27,63.31110001,52.71372604,23.60158539,13.59142494,86.56999969
2018/2/28,61.78057861,51.91372681,23.05545998,13.2258625,85.16000366
2018/3/1,61.30461121,49.75686264,22.87341881,13.14150143,83.08999634
2018/3/2,61.75257111,51.1294136,22.47293282,13.23523617,86.61000061
2018/3/5,62.35918427,51.79607773,23.48325539,13.51643848,90.97000122
2018/3/6,61.09930038,51.78823471,23.45595169,13.72265244,91.08999634
2018/3/7,61.68724823,52.650981900000005,26.1501503,13.60079861,91.69999695
2018/3/8,62.29384613,52.650981900000005,25.18533707,13.61017132,92.41999817
2018/3/9,63.385746,53.67058945,25.20353889,14.00385571,94.23000336
2018/3/12,62.94711685,53.2156868,25.50653648,14.15382862,94.44999695
2018/3/13,62.22852325,53.36470413,24.96481895,13.5258112,94.62999725
2018/3/14,62.18186188,53.5686264,24.44146729,13.37583828,92.26000214
2018/3/15,61.82723236,53.32548904,24.52409935,13.4601984,88.69000244
2018/3/16,62.15387344,53.37254715,24.83627701,13.41333008,90.02999878
2018/3/19,61.65925217,53.20000076,23.95484161,13.1883688,86.26999664
2018/3/20,61.99522018,51.54509735,24.05583763,12.78531361,87.01000214
2018/3/21,61.68724823,51.50588226,23.72529984,13.01027489,88.79000092
2018/3/22,59.68077469,51.70980453,23.12849617,12.513484,85.25
2018/3/23,57.91695404,50.65882492,23.41312599,12.25102997,83.05999756
2018/3/26,59.16749954,51.40392303,23.67939377,12.08230782,86.37000275
2018/3/27,58.24358368,51.043136600000004,23.00913239,12.59784508,85.02999878
2018/3/28,58.39289856,51.97647095,23.09177017,12.82280731,84.95999908
2018/3/29,59.02750397,52.71372604,23.33049393,12.63533878,83.33000183
2018/4/2,57.86095428,51.63137436,22.55923271,12.29789829,80.55999756
2018/4/3,58.579551699999996,52.42353058,23.25704002,12.3072691,81.88999939
2018/4/4,58.77553177,53.73333359,23.56921387,12.44787121,83.98000336
2018/4/5,58.52194595,53.19215775,23.72529984,12.58847141,83.06999969
2018/4/6,57.17888641,52.37647247,23.42230797,12.2416563,64.01999664
2018/4/9,56.80320358,52.44705963,23.266222,12.02606773,65.36000061
2018/4/10,57.48881912,54.38431549,23.67021179,12.23228168,68.12000275
2018/4/11,56.52144623,54.172550199999996,23.77120781,12.15729618,66.29000092
2018/4/12,55.26290512,54.68235397,24.12011337,12.35413742,69.83000183
2018/4/13,55.084457400000005,54.10195923,23.918111800000002,12.6447134,70.12000275
2018/4/16,50.79227829,54.85490036,24.27619743,12.49473763,70.37000275
2018/4/17,49.19562531,55.70196152,24.29455948,12.92591381,70.51999664
2018/4/18,49.12048721,55.63137436,24.505737300000003,12.80405903,70.06999969
2018/4/19,48.47244644,54.70588303,24.17519951,13.11338234,69.05000305
2018/4/20,48.05918884,54.172550199999996,24.88218498,13.62891865,68.43000031
2018/4/23,47.80560303,57.874507900000005,24.909729000000002,13.61017132,68.13999939
2018/4/24,48.44425964,57.90588379,24.49655914,13.76014614,62.34999847
2018/4/25,48.613319399999995,58.42353058,25.81871033,13.16962242,62.99000168
2018/4/26,48.87630081,59.80392075,26.21351814,13.47894669,62.61000061
2018/4/27,49.09231567,60.23529434,25.91052818,13.47894669,62.95999908
2018/4/30,48.9608345,59.60784149,25.38717461,13.1883688,61.93999863
2018/5/1,49.48678207,60.29019547,25.43308258,13.16962242,60.84999847
2018/5/2,48.369133000000005,60.07058716,24.53328323,13.29147625,61.04999924
2018/5/3,48.32216263,58.83921432,24.35883331,13.05714035,62.38999939
2018/5/4,48.20946503,59.25490189,25.24026871,13.21648979,62.13000107
2018/5/7,48.20006943,59.81960678,25.40553856,13.1883688,62.86999893
2018/5/8,47.45808792,55.74901962,25.54326248,13.37583828,62.86999893
2018/5/9,47.98405457,56.14117813,25.14845276,13.70390606,64.34999847
2018/5/10,48.04040527,56.956863399999996,25.50653648,13.76951981,65.26999664
2018/5/11,48.70724106,57.20784378,25.5708046,13.68515873,66.44999695
2018/5/14,48.85752106,57.50588226,25.43308258,13.78826618,67.22000122
2018/5/15,49.12048721,56.82352829,25.52490044,13.78826618,67.23000336
2018/5/16,49.03596115,56.7843132,25.65344238,14.08821487,67.01999664
2018/5/17,49.53374481,56.69019699,25.46980858,14.08821487,66.63999939
2018/5/18,49.50556564,56.42353058,25.41471863,14.03197575,67.83000183
2018/5/21,49.06414032,56.04705811,25.60753441,14.303804399999999,66.79000092
2018/5/22,49.15805817,55.92156982,25.61671448,14.33192444,66.55999756
2018/5/23,49.30833054,55.388237,25.48817253,13.29147625,66.56999969
2018/5/24,49.48678207,55.30195999,25.76362038,13.68515873,66.66999817
2018/5/25,49.56192398,55.23921585,25.6442585,13.71327782,68.43000031
2018/5/29,49.09231567,54.90196228,25.65344238,13.29147625,67.05999756
2018/5/30,49.79672241,56.15686417,25.80034447,13.28210258,67.87000275
2018/5/31,49.42103958,54.27450943,25.20353889,13.19774437,68.26999664
2018/6/1,49.90003586,54.53333282,25.60753441,13.21648979,67.91000366
2018/6/4,48.32216263,55.090194700000005,25.91970634,12.85092831,68.04000092
2018/6/5,48.76359558,55.16078568,26.02070808,12.93528748,68.41000366
2018/6/6,49.70279312,55.827449800000004,26.47060394,12.78531361,68.55000305
2018/6/7,49.42103958,55.83529282,26.57160378,12.9165411,69.01999664
2018/6/8,49.92820358,56.5647049,26.76441574,13.05714035,70.01000214
2018/6/11,49.89063644,57.09803772,26.97559166,13.10400963,69.36000061
2018/6/12,49.90003586,57.23137283,27.17759132,13.10400963,70.58000183
2018/6/13,50.20997238,56.72941208,22.30215073,13.01964951,70.54000092
2018/6/14,50.36963654,57.16078568,21.82470703,12.78531361,73.63999939
2018/6/15,51.46850967,57.48235321,21.72370911,12.58173561,73.95999908
2018/6/18,50.3884201,57.17647171,21.62271309,12.48713589,72.01999664
2018/6/19,50.37902832,56.7843132,22.02670097,12.2506361,72.98000336
2018/6/20,50.95194626,56.40000153,22.10015678,12.18441582,73.43000031
2018/6/21,50.66078568,56.51764679,21.784702300000003,12.0708971,72.48999786
2018/6/22,51.787841799999995,58.58039093,21.33935928,12.34523582,74.02999878
2018/6/25,51.34640884,58.46274567,21.33008385,12.06143665,71.73000336
2018/6/26,51.57182312,58.71372604,21.20947075,12.99797153,66.73000336
2018/6/27,51.15856934,57.88235474,20.87545967,13.20609093,65.45999908
2018/6/28,51.93811417,56.98823547,21.08885384,13.08311176,65.76000214
2018/6/29,51.97567749,56.97254944,21.13524437,12.87499237,67.0
2018/7/2,51.83479691,57.5215683,21.59914207,12.64795303,68.62000275
2018/7/3,52.26683426,58.05490112,21.69192123,12.64795303,68.27999878
2018/7/5,52.92904282,58.81568527,21.85892487,12.70471382,69.29000092
2018/7/6,53.50610733,59.45098114,21.81253815,13.10203075,70.83000183
2018/7/9,53.40203857,59.85097885,21.97026443,13.19663334,71.62000275
2018/7/10,53.14662552,59.49803925,22.04448509,13.40475082,70.18000031
2018/7/11,52.73983765,58.50196075,22.23004532,13.23447227,70.27999878
2018/7/12,53.74259949,58.650981900000005,22.32282639,13.23447227,71.13999939
2018/7/13,53.78990555,58.71372604,22.20221329,13.13987255,70.19000244
2018/7/16,53.38312912,58.10195923,22.26715851,13.149332999999999,70.11000061
2018/7/17,53.57231903,58.5647049,22.23932266,12.9506731,70.23000336
2018/7/18,53.80882645,57.83529282,22.66611099,13.00743389,70.37000275
2018/7/19,53.48718262,58.650981900000005,22.6475544,12.98851299,70.11000061
2018/7/20,53.64800262,59.06666565,22.63827515,12.41145706,69.19999695
2018/7/23,52.86281967,60.09411621,22.81455803,12.28847694,68.95999908
2018/7/24,55.11431503,60.25098038,23.22279167,12.41145706,68.98999786
2018/7/25,55.85219955,60.50196075,23.30629349,12.40199566,70.09999847
2018/7/26,54.79267120000001,60.49411774,23.54751778,12.4398365,69.91000366
2018/7/27,53.84666824,60.84705734,23.07434464,12.35469532,68.63999939
2018/7/30,55.74813843,62.03921509,23.25990105,12.44929504,68.58000183
2018/7/31,55.57785416,62.28235245,23.34340477,12.89391327,66.54000092
2018/8/1,56.40087891,61.65490341,23.1485672,12.52497578,65.58999634
2018/8/2,56.06977081,61.81176376,23.35268402,12.45875549,64.44999695
2018/8/3,55.96571732,62.92549133,23.51968384,12.43037415,63.04000092
2018/8/6,56.18329620000001,64.44705963,23.75163651,12.39253616,61.75
2018/8/7,55.79543686,62.58823395,23.77019119,12.44929504,63.00999832
2018/8/8,56.92117691,61.80392075,23.84441566,12.34523582,63.61000061
2018/8/9,56.31574249,61.59215546,23.77946663,12.24117565,64.37999725
2018/8/10,56.10762024,60.68235397,23.992862699999996,12.08035755,64.44000244
2018/8/13,56.21167374,61.03529358,23.853691100000002,11.77764034,64.87000275
2018/8/14,56.72252274,61.37254715,24.21553612,11.68303776,66.44999695
2018/8/15,57.00632477,61.52941132,24.25264549,11.56005955,66.87000275
2018/8/16,57.81043243,62.09411621,24.46603966,11.63574028,67.84999847
2018/8/17,57.60230255,63.01176453,24.51243019,11.63574028,68.80000305
2018/8/20,57.06308746,64.05490112,24.53098488,11.63574028,69.05000305
2018/8/21,56.83604431,64.28235626,24.80004883,11.94791794,69.62000275
2018/8/22,57.29958344,64.25882721,24.64232254,11.79655933,69.48000336
2018/8/23,56.84550095,63.80392075,24.40109253,11.86277771,69.18000031
2018/8/24,56.73197937,63.64706039,24.55881882,11.82493877,70.08000183
2018/8/27,56.76982879999999,63.65490341,24.67943573,12.08035755,72.36000061
2018/8/28,56.92117691,63.30980301,24.22481346,12.0708971,73.84999847
2018/8/29,57.81988907,63.60784149,24.41036987,12.26955605,74.08000183
2018/8/30,57.4131012,60.39215851,25.356727600000003,12.08035755,73.65000153
2018/8/31,57.28066635,60.92549133,25.10622215,12.24117565,73.91000366
2018/9/4,57.21444702,61.090194700000005,24.79076958,11.98575783,73.83999634
2018/9/5,57.89556885,63.25490189,24.40109253,11.88169861,74.23000336
2018/9/6,57.64960861,63.16862869,24.54953957,11.83439827,72.20999908
2018/9/7,57.99962997,62.88627625,24.28047943,11.73034,69.16999817
2018/9/10,57.57392883,62.77647018,23.8908062,11.83439827,68.40000153
2018/9/11,57.22390747,63.49803925,23.89080429,11.66411877,66.81999969
2018/9/12,57.0725441,64.99607849,23.93764877,11.92899799,66.51000214
2018/9/13,57.5077095,65.23921204,23.35677719,12.02359962,67.48000336
2018/9/14,57.4131012,65.40392303,23.43172836,12.11416721,68.08999634
2018/9/17,57.99016953,66.18823242,23.300561899999998,12.13327408,67.01999664
2018/9/18,58.16044998,66.1333313,23.70342445,12.09505939,67.81999969
2018/9/19,57.51716995,66.25882721,23.75964165,12.28613567,67.25
2018/9/20,58.41587067,67.35686493,24.11565971,11.90398407,68.27999878
2018/9/21,58.88887405,67.19215393,24.47167969,11.62692547,66.58999634
2018/9/24,58.26451111,65.62352753,23.80648613,11.21611214,66.48000336
2018/9/25,58.48209,66.14901733,23.91891289,10.76708698,65.86000061
2018/9/26,58.29288864,66.60391998,24.162504199999997,10.88173294,67.41999817
2018/9/27,58.60507584,66.83137512,24.33114433,11.01548386,69.04000092
2018/9/28,58.72805786,66.69019318,24.12503052,10.78619385,69.08000183
2018/10/1,58.74697495,68.15686035,24.36862373,11.55049515,68.81999969
2018/10/2,59.40917969,67.6548996,24.29367065,11.77023125,69.84999847
2018/10/3,59.26727676,68.02352905,23.76901054,11.92309284,69.94000244
2018/10/4,59.37200928,68.43137359999999,23.47857094,12.09505939,66.19000244
2018/10/5,59.41961288,69.36470795,23.83459282,12.59185505,65.08000183
2018/10/8,59.886135100000004,68.21176147,24.83706856,13.00266552,64.16999817
2018/10/9,60.20031738,68.86274719,25.07129097,12.94534397,65.5
2018/10/10,57.85819244,67.73332977,24.93075752,12.68739414,63.84999847
2018/10/11,54.74487686,65.5215683,24.33114433,12.15238285,61.75
2018/10/12,54.75439835,65.84313965,24.06881714,11.77023125,62.56000137
2018/10/15,54.84960556,66.47058868,24.27493286,11.60781765,62.02999878
2018/10/16,55.05906677,66.72156525,25.07129097,11.56004906,64.91000366
2018/10/17,56.07779694,67.81961059999999,24.84643555,11.64603329,65.04000092
2018/10/18,53.29771042,65.32549286,24.34988403,11.827552800000001,64.44000244
2018/10/19,51.69820786,64.71372223,24.1812439,11.99952221,66.05999756
2018/10/22,48.44207382,64.34510039999999,24.19998169,11.827552800000001,65.18000031
2018/10/23,48.22309494,64.10195923,24.70590401,12.12372112,65.04000092
2018/10/24,46.49030685,62.76862717,23.91891289,11.62692547,60.91999817
2018/10/25,46.85209656,63.80392075,24.26556206,11.2734375,64.29000092
2018/10/26,48.01364136,62.69019699,23.89080429,10.79574871,63.95000076
2018/10/29,47.34717941,63.69411850000001,24.10629272,10.66199589,63.31999969
2018/10/30,47.62327957,65.36470795,24.92138863,9.725728035,61.02999878
2018/10/31,48.11836624,65.09803772,24.86517525,9.649298668,64.81999969
2018/11/1,49.63218307,66.40000153,24.79022217,9.15250206,68.43000031
2018/11/2,48.26117706,65.49803925,25.41794205,8.875443459,67.41000366
2018/11/5,49.53697205,66.45490265,25.2867775,8.865888596,68.97000122
2018/11/6,48.88955688,65.49803925,25.64279747,8.999641418,68.52999878
2018/11/7,50.45097733,68.49411774,26.53284836,8.789459229,69.02999878
2018/11/8,50.27959824,68.21176147,26.54221535,8.693921089,68.66999817
2018/11/9,50.83180618,67.00392151,26.91697121,8.197125435,66.02999878
2018/11/12,50.31768036,66.54901886,26.59842873,7.633453846,62.86000061
2018/11/13,50.07013702,66.60391998,26.35483742,8.225786208999999,63.72999954
2018/11/14,50.07013702,67.01176453,26.45789528,7.948728085,64.15000153
2018/11/15,50.717556,67.48235321,26.392311100000004,7.805421352000001,65.02999878
2018/11/16,51.47922516,67.50588226,26.58905983,7.662115097,66.51000214
2018/11/19,50.91749573,67.64705658,26.19556427,7.490148067000001,64.25
2018/11/20,50.95558167,66.37647247,25.98007965,7.308625697999999,63.59000015
2018/11/21,50.65090942,66.32157135,26.00818825,7.461485862999999,64.06999969
2018/11/23,50.3938446,65.83529663,26.18619537,7.232195377,64.66999817
2018/11/26,50.20343399,66.24313354,26.27988625,7.241749763,67.37999725
2018/11/27,48.69913864,68.44705963,26.03629494,7.107997417000001,67.19000244
2018/11/28,49.50841141,69.1764679,26.50474167,7.394609451,65.76000214
2018/11/29,49.337028499999995,69.91372681,26.45789528,7.585685252999999,64.79000092
2018/11/30,50.89845657,69.96078491,25.53153992,7.165318966,64.25
2018/12/3,50.72707748,70.90196228,26.44844437,7.461485862999999,68.31999969
2018/12/4,49.53697205,70.52548981,26.01362419,6.955136776,65.51999664
2018/12/6,50.69851303,68.62744904,26.18377113,7.022012234,65.09999847
2018/12/7,50.53665924,66.79216003,25.55989838,6.697185516,64.51000214
2018/12/10,50.06061935,67.09803772,26.35391808,6.6207556720000005,65.41999817
2018/12/11,49.91780853,66.40000153,26.24048805,6.458341599,65.59999847
2018/12/12,50.87940979,66.76078796,26.50516129,6.4105725289999995,67.66999817
2018/12/13,51.06983185,65.71764374,25.55044365,6.8787074089999996,67.29000092
2018/12/14,49.62265778,63.15294266,25.50318336,6.783168793,66.25
2018/12/17,48.48015594,62.54117584,24.79423523,6.830938338999999,64.81999969
2018/12/18,49.089492799999995,62.06274414,24.59573174,6.955136776,64.26000214
2018/12/19,47.97555542,61.50588226,23.72608757,7.328649521,62.75
2018/12/20,47.66136551,60.51764679,23.17783546,7.118165492999999,61.72999954
2018/12/21,47.43286133,59.57646942,22.62958527,6.84071064,58.66999817
2018/12/24,46.42365646,58.32156754,22.33655357,6.620659827999999,58.5
2018/12/26,47.63280106,60.7372551,23.48031998,7.070328236,62.02000046
2018/12/27,47.99459457,61.02745056,23.74499321,6.955519676000001,62.34000015
2018/12/28,48.49919128,61.11372375,23.84897041,7.185137272,62.27999878
2018/12/31,49.48936462,61.58431244,23.98130989,7.24254179,63.59000015
2019/1/2,49.91780853,59.91372681,24.17981529,7.701778412,63.56000137
2019/1/3,43.29664612,57.85882187,23.33852959,7.711346149,68.05999756
2019/1/4,44.99511719,58.4313736,24.06637955,7.873992443,72.26999664
2019/1/7,46.45368576,58.15686417,23.91513824,8.361930847,74.20999908
2019/1/8,46.05066681,59.11372375,24.05693054,8.189717293,74.90000153
2019/1/9,45.27339935,59.91372681,24.27433968,8.132312775,73.69999695
2019/1/10,45.79157639,62.33725357,24.19872093,8.55328083,75.12000275
2019/1/11,46.05066681,62.55686188,24.36886406,8.55328083,74.65000153
2019/1/14,46.03147125,62.69804001,24.17036247,8.51500988,73.54000092
2019/1/15,47.71075439,63.63921738,23.95294952,8.35236454,78.76000214
2019/1/16,47.1445961,62.72941208,23.65992165,8.59154892,76.55999756
2019/1/17,47.59560013,61.39608002,23.85842323,8.74462986,78.66999817
2019/1/18,48.09458542,62.19607925,24.22707558,8.668088913,78.41999817
2019/1/22,47.71075439,60.76862717,23.70718193,8.285391808,77.33000183
2019/1/23,47.94105148,60.31372452,23.98130989,8.35236454,75.19999695
2019/1/24,47.03903961,60.07843018,24.29324532,8.40019989,77.01000214
2019/1/25,46.95267487,60.58823395,24.49175072,8.763762474,79.94999695
2019/1/28,46.36732864,60.09411621,24.34996033,8.54371357,80.66000366
2019/1/29,46.36732864,60.20392227,24.24598312,8.51500988,79.29000092
2019/1/30,46.88550186,61.02745056,24.12309837,8.706357956,79.98000336
2019/1/31,47.37489319,60.94117737,22.29874229,9.720506667999999,80.58999634
2019/2/1,47.87388229,60.58039093,22.67684555,9.749209404,82.91999817
2019/2/4,48.79508209,61.5215683,22.32710075,9.768343925,81.59999847
2019/2/5,48.12337494,62.48627472,22.62013245,10.17017555,81.40000153
2019/2/6,49.07336807,63.34117508,22.6957531,10.01709652,81.41999817
2019/2/7,48.02741241,62.50196075,22.66739273,9.6248312,79.83000183
2019/2/8,48.19054794,59.15000153,22.6012249,9.38564682,80.87000275
2019/2/11,48.07539368,60.38999939,22.62958527,9.596129417,80.20999908
2019/2/12,47.70115662,61.00999832,22.75246811,9.548293114,81.40000153
2019/2/13,48.91983032,62.09000015,22.92261505,9.921422957999999,81.05999756
2019/2/14,48.77590179,62.36999893,22.87535286,9.605696678,83.41999817
2019/2/15,49.58194733,62.38999939,22.78082657,9.653533936,84.15000153
2019/2/19,49.28447723,63.11000061,22.88480377,9.691804886,84.08000183
2019/2/20,49.22689819,60.16999817,22.59177208,9.66310215,83.73999786
2019/2/21,48.10418320000001,59.97999954,23.22509766,9.596129417,83.33000183
2019/2/22,48.91983032,59.93999863,23.70718193,9.730072975,84.84999847
2019/2/25,48.6031723,59.83000183,22.92261505,10.35195637,86.87999725
2019/2/26,48.1329689,58.49000168,22.941522600000003,10.6068325,85.69999695
2019/2/27,48.90063858,58.40000153,22.98878288,10.82573414,87.0
2019/2/28,49.57235336,59.29999924,22.82808685,10.33817863,86.23000336
2019/3/1,51.06931686,60.06999969,22.81863403,10.21877766,88.16999817
2019/3/4,50.90618134,59.75999832,22.62013245,10.3282299,85.41000366
2019/3/5,51.62586975,58.86999893,22.58231926,9.840674400000001,85.04000092
2019/3/6,50.7526474,57.70000076,22.24202919,9.064562797999999,83.37000275
2019/3/7,49.42841721,57.40000153,22.83754158,9.402867317,82.44999695
2019/3/8,49.31326675,58.56999969,23.58429909,9.542316437,82.12000275
2019/3/11,48.84306335,59.93000031,23.50867844,9.861058235,84.16999817
2019/3/12,48.34408188,59.70999908,22.80918121,9.721609116,84.90000153
2019/3/13,48.91024017,60.15000153,22.88480377,9.980586052,85.05999756
2019/3/14,47.87388229,59.09999847,22.92261505,10.25948524,84.30999756
2019/3/15,47.94105148,59.29000092,23.2569046,9.920822144,84.80000305
2019/3/18,47.84509659,59.77999878,23.2282486,10.15987778,85.62000275
2019/3/19,47.59560013,60.5,23.13273811,10.14991665,85.66999817
2019/3/20,47.20216751,60.11999893,22.73159218,10.17980003,86.30999756
2019/3/21,46.9430809,61.22000122,23.15184021,10.22960377,87.08000183
2019/3/22,46.21379471,59.79999924,23.04677773,9.940742493,85.33999634
2019/3/25,45.57087326,58.86999893,22.84620667,9.841135979,86.01999664
2019/3/26,46.38652039,59.34000015,23.19959831,10.06027126,87.12000275
2019/3/27,46.04106522,58.79000092,23.31421089,9.920822144,86.01999664
2019/3/28,45.90672684,58.88999939,23.02767754,9.851098061,85.73999786
2019/3/29,45.78197861,60.11000061,22.86531067,9.950704575,86.01000214
2019/4/1,45.18703079,60.99000168,23.23780251,10.06027126,85.94999695
2019/4/2,44.81279373,60.66999817,23.34286308,10.19972038,86.69999695
2019/4/3,44.98551941,60.56000137,23.30465698,10.06027126,84.34999847
2019/4/4,45.17913437,61.36000061,23.64849854,9.990546227000001,83.22000122
2019/4/5,45.15008545,62.72999954,23.81086731,9.970624924,84.76000214
2019/4/8,45.29529572,61.63000107,24.03054237,9.452670097,84.43000031
2019/4/9,44.51116943,61.99000168,23.67715073,9.183732986,82.73000336
2019/4/10,44.42404938,61.84000015,23.94458199,9.123968124,83.41000366
2019/4/11,44.61765671,60.93000031,24.09739685,9.084125519,81.05999756
2019/4/12,44.11426544,61.77999878,24.63225937,8.964598656,79.40000153
2019/4/15,45.014560700000004,61.88999939,24.89013863,8.944677353,78.15000153
2019/4/16,44.54989243,61.33000183,25.30083656,9.104047775,76.98000336
2019/4/17,44.33691788,60.72999954,25.41544914,9.084125519,74.31999969
2019/4/18,44.06586456,61.5,25.78794289,9.313221931000001,73.95999908
2019/4/22,43.79480743,61.40000153,25.51095963,9.2833395,73.66000366
2019/4/23,43.87225723,63.25999832,25.12891579,9.293299675,75.41000366
2019/4/24,43.19461823,64.18000031,24.97610092,9.2833395,73.51999664
2019/4/25,44.18203354,63.81999969,24.87103653,9.084125519,73.94000244
2019/4/26,44.42404938,64.47000122,25.62557411,9.532356262,75.02999878
2019/4/29,44.84031296,63.49000168,25.81659508,9.691725731,74.37999725
2019/4/30,44.94679642,64.05999756,25.98851585,10.12999725,76.80000305
2019/5/1,45.09200287,62.43999863,25.26263237,10.06027126,78.91000366
2019/5/2,45.3824234,62.77000046,25.51095963,10.20968056,80.94000244
2019/5/3,47.06683731,63.22999954,25.45365334,10.45869827,83.05999756
2019/5/6,46.56344986,63.27999878,25.75928879,10.38897324,85.0
2019/5/7,45.71156311,66.70999908,25.644674300000002,10.07023144,83.23000336
2019/5/8,45.93421555,68.70999908,25.32948875,10.12003517,82.84999847
2019/5/9,45.721241,69.26000214,25.59692192,10.00050735,82.01999664
2019/5/10,45.50827026,68.90000153,25.96941185,10.09015369,80.68000031
2019/5/13,44.43373108,66.97000122,25.95030975,9.831176758,75.75
2019/5/14,44.44340897,67.30999756,25.92165756,10.27940655,76.11000061
2019/5/15,45.14040756,66.58000183,26.16998482,10.21964264,75.98999786
2019/5/16,45.61475754,67.08999634,26.20819092,10.09015369,77.63999939
2019/5/17,45.3533783,67.91999817,25.80704498,9.960664749,77.19999695
2019/5/20,44.83063126,68.48999786,25.76884079,9.841135979,76.83000183
2019/5/21,45.91485214,68.88999939,26.11268044,9.920822144,78.68000031
2019/5/22,46.21494675,68.66000366,25.74973869,9.861058235,79.01999664
2019/5/23,45.78900146,67.66999817,25.99806786,9.522396087999999,80.5
2019/5/24,45.31465912,67.01999664,26.30370331,9.412827492,81.75
2019/5/28,44.39500427,66.15000153,25.88345337,9.323182106,81.76000214
2019/5/29,43.93033981,65.37000275,25.33904076,9.333143234,77.58999634
2019/5/30,44.41437149,65.12999725,25.46320534,9.432749747999999,78.73999786
2019/5/31,43.92065811,64.45999908,25.0716114,9.402867317,78.62999725
2019/6/3,44.646698,65.16000366,25.40589905,9.492512703,79.55999756
2019/6/4,45.14040756,66.41000366,25.88345337,9.960664749,81.55999756
2019/6/5,45.14040756,67.58999634,26.3132515,9.851098061,81.01999664
2019/6/6,44.675743100000005,68.72000122,25.97896385,9.880979538,79.86000061
2019/6/7,45.25657654,69.76000214,25.98851585,9.940742493,80.83000183
2019/6/10,44.54021454,70.73999786,25.7306366,10.01046753,76.80000305
2019/6/11,45.37273788,71.12000275,26.53292847,10.08019257,75.55999756
2019/6/12,46.10846329,71.62999725,26.80990791,10.23956299,75.80000305
2019/6/13,45.81804657,71.38999939,27.15374756,10.26944542,76.37000275
2019/6/14,46.04070282,71.27999878,27.40207672,10.18975925,77.70999908
2019/6/17,46.66993332,71.41999817,27.07733917,10.01046753,81.83999634
2019/6/18,46.26335144,72.04000092,27.19195175,10.37901306,84.27999878
2019/6/19,47.05715942,72.05999756,27.33522034,10.29932785,84.87000275
2019/6/20,47.32821274,70.94000244,27.0267849,10.58818722,86.56999969
2019/6/21,47.76383972,69.87999725,26.89184189,10.43877602,88.69999695
2019/6/24,44.22075272,69.91999817,26.61231995,10.23956299,86.91999817
2019/6/25,44.3078804,69.31999969,26.86292648,10.17980003,87.61000061
2019/6/26,43.48503113,68.88999939,27.22919273,10.22960377,85.62999725
2019/6/27,43.65928268,69.15000153,27.96173096,10.35909081,84.72000122
2019/6/28,43.90129471,69.90000153,28.2412529,10.46876431,84.95999908
2019/7/1,44.70478058,69.5,27.91353798,10.59837818,85.41999817
2019/7/2,45.18880844,68.87000275,27.76895714,10.58840752,85.01000214
2019/7/3,45.47203445,69.23000336,28.03883934,10.5784359,86.51999664
2019/7/5,44.81769179999999,69.16000366,27.78823471,10.46876431,85.27999878
2019/7/8,44.70049667,68.94000244,28.06775856,10.16965675,83.01000214
2019/7/9,44.96418762,68.90000153,27.79787445,10.21950722,83.81999969
2019/7/10,44.88605499,69.23000336,27.41232872,10.16965675,83.76999664
2019/7/11,43.48946762,69.44999695,27.11352921,10.07992363,81.23000336
2019/7/12,43.23554611,70.58000183,27.30630302,10.33915138,80.09999847
2019/7/15,43.15741348,71.34999847,26.9496727,10.2394495,81.38999939
2019/7/16,43.41133881,69.93000031,27.41232872,10.34912109,79.87999725
2019/7/17,43.09881592,69.33000183,27.17136192,9.950309752999999,80.23000336
2019/7/18,43.02068329,68.87999725,27.16172409,10.03007317,81.30999756
2019/7/19,42.31751251,67.5,27.00750542,10.01013279,80.54000092
2019/7/22,41.77059555,66.77999878,26.89184189,10.17962646,81.70999908
2019/7/23,42.04405212,67.5,26.76653862,10.6183176,78.51000214
2019/7/24,42.21984482,67.62999725,26.9785881,10.64822865,79.15000153
2019/7/25,44.33914185,67.38999939,26.44846344,10.39897251,78.80000305
2019/7/26,44.30984116,67.80000305,26.45810127,10.47873402,80.15000153
2019/7/29,44.32937622,68.18000031,26.785818100000004,10.34912109,80.26000214
2019/7/30,43.51876831,68.87999725,26.85328674,10.48870564,85.43000031
2019/7/31,43.37227631,66.54000092,26.68942833,10.41891193,84.91999817
2019/8/1,44.1438179,66.62000275,26.47737885,10.05001259,84.84999847
2019/8/2,44.91535568,65.90000153,26.47737885,9.970252037,83.47000122
2019/8/5,44.319610600000004,64.54000092,25.7352047,9.631262779,80.91999817
2019/8/6,44.62236404,61.75999832,25.93761444,9.541530609,82.62999725
2019/8/7,45.15951538,62.45999908,26.12075043,9.431858063,80.45999908
2019/8/8,46.18497849,62.58000183,26.69906807,9.46176815,81.26000214
2019/8/9,46.21427917,63.02999878,26.47737885,9.122779846,81.79000092
2019/8/12,45.42320251,62.61999893,26.11111069,9.023077965,82.48000336
2019/8/13,45.40367126,62.27999878,26.77617836,9.322185516000001,82.88999939
2019/8/14,44.5735321,61.06000137,26.19785881,9.003137589,81.05999756
2019/8/15,44.68096542,61.54000092,26.26532936,7.986172198999999,80.61000061
2019/8/16,45.88222122,61.75,26.52557373,8.763850212000001,83.12000275
2019/8/19,46.35100555,62.11999893,26.679790500000003,8.644207954,84.51999664
2019/8/20,46.51703262,61.25999832,26.22677422,8.355071067999999,84.09999847
2019/8/21,46.65376282,61.31999969,26.07255554,8.135725021,86.06999969
2019/8/22,46.74165726,60.70999908,26.21713638,8.165635109,85.55999756
2019/8/23,45.49156952,59.45999908,25.74484062,7.946290016,81.91000366
2019/8/26,46.98581696,60.70999908,26.17858124,8.026053429,82.80999756
2019/8/27,46.81002426,60.45999908,25.92797661,7.90640974,80.26000214
2019/8/28,47.52296448,60.5,25.90869904,7.916379929,81.34999847
2019/8/29,47.142078399999995,61.34999847,23.48939896,8.085874557,82.44000244
2019/8/30,46.94674683,61.61999893,23.34481621,8.225458145,81.81999969
2019/9/3,46.91744995,61.56000137,23.38337135,8.30521965,80.05999756
2019/9/4,46.99557877,61.06000137,23.30626297,8.773821831000001,77.62000275
2019/9/5,47.37646866,61.83000183,23.36409378,8.783791542000001,79.26999664
2019/9/6,47.142078399999995,61.56000137,23.26770592,8.684088707,79.23999786
2019/9/9,46.96628571,62.61000061,23.32554054,8.933344841,78.97000122
2019/9/10,47.4253006,63.90000153,23.56650734,9.112810135,77.91000366
2019/9/11,48.08941269,65.83999634,23.74963951,9.332155228,78.48000336
2019/9/12,48.45076752,65.02999878,23.46713829,9.232452392999999,76.06999969
2019/9/13,48.27497101,64.31999969,23.54507065,9.322282791000001,76.43000031
2019/9/16,48.31404114,65.12000275,23.43791389,9.362206459,78.33999634
2019/9/17,48.57772827,62.75999832,23.42817116,9.342244147999999,79.09999847
2019/9/18,48.6949234,62.86999893,23.42817116,9.362206459,78.54000092
2019/9/19,48.90001678,63.15000153,23.13592911,9.402131081,78.12000275
2019/9/20,49.38833237,62.84999847,22.81446075,9.352225304,81.20999908
2019/9/23,49.33950424,62.33000183,23.12618637,9.322282791000001,77.63999939
2019/9/24,48.84141922,61.06000137,23.08722115,8.95298481,76.94999695
2019/9/25,48.67539215,62.22999954,22.95084,9.142622948,75.06999969
2019/9/26,48.80235672,61.61999893,23.02877235,9.002889632999999,73.76000214
2019/9/27,49.0465126,62.58000183,22.72678757,9.02285099,72.81999969
2019/9/30,49.52506256,63.5,23.0092907,8.92304039,74.23000336
2019/10/1,49.466465,63.04999924,22.78523636,8.593666077,73.95999908
2019/10/2,48.06010818,61.77999878,22.82420158,8.49385643,73.04000092
2019/10/3,48.79874039,61.84999847,22.94110107,8.693476677,74.87999725
2019/10/4,49.98054886,62.93000031,22.794979100000003,8.553742409,74.87000275
2019/10/7,50.10857773,62.88000107,22.95084,8.543762207,74.76000214
2019/10/8,49.59646225,62.13000107,22.51247787,8.264292717,74.44000244
2019/10/9,50.05933762,62.11000061,22.65859985,8.334160805,74.68000031
2019/10/10,50.01009369,62.38000107,23.01903152,8.433970451,75.76999664
2019/10/11,50.82751083,62.93999863,23.01903152,8.783307076,76.12000275
2019/10/14,50.77827072,61.36000061,22.99954987,8.703458786,77.45999908
2019/10/15,51.04417419,61.84000015,22.83394432,8.87313652,78.51999664
2019/10/16,50.72902679,62.45000076,22.98980713,8.883116722,78.12000275
2019/10/17,51.62522507,63.54999924,23.1067028,9.02285099,77.43000031
2019/10/18,52.22597885,62.81000137,22.67808151,8.943002701000001,77.76000214
2019/10/21,52.39340591,62.90000153,23.11644554,8.773324966,78.58999634
2019/10/22,53.59490585,62.49000168,23.72041702,9.042813301,78.51000214
2019/10/23,53.93959808,63.25,23.97369385,9.122661591,78.09999847
2019/10/24,53.54566574,61.93999863,24.22697258,8.933022499,77.5
2019/10/25,54.14641571,62.25,24.52895737,8.982927322,77.55000305
2019/10/28,54.74716568,62.11999893,24.28541946,9.052794456,79.86000061
2019/10/29,54.92443848,63.11999893,24.26593781,9.052794456,83.34999847
2019/10/30,56.00775909,62.79999924,24.47050667,10.09082127,83.66000366
2019/10/31,56.50017548,62.59000015,24.34386826,9.961067199999999,83.91999817
2019/11/1,56.29336166,63.29999924,24.30490303,10.360309599999999,83.58000183
2019/11/4,55.78124619,65.73000336,24.30490303,10.90926647,84.43000031
2019/11/5,55.53503418,67.73000336,24.37309265,10.94919014,84.12999725
2019/11/6,56.09639359,68.59999847,24.47050667,10.99909496,83.68000031
2019/11/7,56.70699692,68.73999786,24.48998833,11.268583300000001,82.76000214
2019/11/8,57.14032364,68.91000366,23.78860474,11.49814701,85.09999847
2019/11/11,57.26835632,67.40000153,23.96395302,11.32846928,84.86000061
2019/11/12,57.50471497,67.87999725,23.94446945,11.39833641,86.13999939
2019/11/13,57.89865112,68.27999878,23.69119072,11.268583300000001,87.43000031
2019/11/14,57.62289047,68.18000031,24.10033226,11.268583300000001,85.79000092
2019/11/15,57.70167923,68.45999908,24.27567863,11.49814701,86.69999695
2019/11/18,56.77593613,68.69000244,24.21722984,11.41829872,87.48999786
2019/11/19,55.62367249,69.5,24.01265907,11.4781847,87.94000244
2019/11/20,55.55473709,68.34999847,23.85679626,11.3683939,88.90000153
2019/11/21,55.98806,68.44000244,23.71067429,11.50812817,88.40000153
2019/11/22,55.59412766,69.30000305,23.87627983,11.52809048,88.73000336
2019/11/25,55.31837082,70.36000061,23.76912117,11.55803299,94.0
2019/11/26,55.86988068,69.98000336,23.77886391,11.32846928,93.76000214
2019/11/27,56.7266922,69.95999908,24.08084869,11.268583300000001,94.12000275
2019/11/29,56.076698300000004,68.90000153,23.749637600000003,11.24862099,94.16000366
2019/12/2,56.53957367,69.08000183,23.44765472,11.13883018,94.47000122
2019/12/3,56.87441635,68.83999634,22.98980713,10.96915245,94.09999847
2019/12/4,58.00698471,69.15000153,22.78523636,10.87932205,95.0
2019/12/5,58.57818985,69.16999817,22.75601387,10.769532199999999,93.98999786
2019/12/6,59.0410614,69.41999817,23.15005684,11.07894421,94.48000336
2019/12/9,60.35089493,68.68000031,22.78556633,10.96915245,94.79000092
2019/12/10,61.14861679,68.33000183,22.81511879,10.98911476,95.72000122
2019/12/11,61.46376419,69.09999847,22.67720413,10.94919014,94.93000031
2019/12/12,62.970565799999996,68.81999969,23.15990829,11.41829872,92.84999847
2019/12/13,62.85238647,68.48999786,23.14020538,11.31848907,91.51000214
2019/12/16,62.53723907,68.69000244,22.99243927,11.14881039,92.66000366
2019/12/17,63.13798904,68.15000153,23.0515461,11.07894421,91.30999756
2019/12/18,62.19254684,68.36000061,23.11065102,10.93920898,91.18000031
2019/12/19,61.89709091,69.05999756,23.08109856,11.01905727,91.13999939
2019/12/20,62.54708481,66.66000366,23.27812004,11.01905727,90.09999847
2019/12/23,62.25163651,66.37999725,23.0515461,11.14892864,90.16000366
2019/12/24,62.20239258,66.52999878,22.99243927,11.17889881,91.43000031
2019/12/26,62.99026489,66.26999664,23.04169464,11.21885872,88.79000092
2019/12/27,63.16753387,66.58000183,23.04169464,11.16890907,88.38999939
2019/12/30,62.76374817,66.44000244,23.02199364,11.06900787,88.05000305
2019/12/31,63.216777799999996,66.72000122,23.13035393,11.14892864,87.31999969
2020/1/2,62.82006073,67.12000275,23.13035393,11.91816521,85.97000122
2020/1/3,62.26465607,66.55999756,23.11065102,11.95812511,77.90000153
2020/1/6,62.46301651,67.29000092,23.17961121,12.12795639,77.33999634
2020/1/7,63.40522003,67.73999786,23.16975975,12.03804588,77.13999939
2020/1/8,63.33579254,67.93000031,23.03184319,11.92815399,76.52999878
2020/1/9,64.91273499,66.19999695,23.10080147,11.89818478,77.94999695
2020/1/10,64.69454956,66.62000275,23.29782295,11.65842247,76.47000122
2020/1/13,65.60699463,66.22000122,23.41603661,12.10797596,77.09999847
2020/1/14,65.89461517,67.47000122,23.58350563,12.01806545,81.47000122
2020/1/15,66.03347015,68.5,24.17457008,11.85822392,80.54000092
2020/1/16,66.23181915,69.37999725,24.59816551,11.82825375,80.62000275
2020/1/17,66.1723175,69.29000092,24.105611800000002,11.79828453,80.5
2020/1/21,66.87648773,69.61000061,23.977548600000002,11.64843273,78.65000153
2020/1/22,66.87648773,70.73999786,23.89873886,11.35871983,78.48000336
2020/1/23,66.3210907,71.0,23.99725151,11.75832367,78.23999786
2020/1/24,63.63333511,71.19999695,23.58350563,11.69838333,76.73999786
2020/1/27,63.17710876,70.79000092,23.24856758,11.42865086,76.06999969
2020/1/28,64.27799225,70.41000366,23.36677933,11.71836281,76.45999908
2020/1/29,63.61349487,70.44999695,23.39633369,12.92716217,74.98999786
2020/1/30,63.28620529,71.47000122,23.12050247,12.71737099,73.13999939
2020/1/31,62.43326187,68.94000244,22.85452461,12.43764877,73.06999969
2020/2/3,63.05809402,69.62000275,22.19450188,12.24783802,72.94000244
2020/2/4,63.76226425,69.75,21.92852211,12.56752014,73.87999725
2020/2/5,65.05158997,71.11000061,22.93333244,12.8472414,76.0
2020/2/6,66.54919434,70.97000122,22.87422562,12.93715286,75.80999756
2020/2/7,65.70617676,69.97000122,21.97777748,12.81727219,74.13999939
2020/2/10,66.36076355,70.18000031,21.34730721,12.897192,75.11000061
2020/2/11,66.44009399,70.88999939,21.70194817,12.83725262,76.13999939
2020/2/12,66.45001984,71.86000061,21.88911629,13.14694405,75.83000183
2020/2/13,65.53757477,71.51000214,22.1452446,12.92716217,78.05000305
2020/2/14,65.8351059,72.12999725,22.04673386,12.81727219,78.44999695
2020/2/18,65.52764893,72.98999786,22.63780022,12.73735142,79.30000305
2020/2/19,65.17060852,73.70999908,22.75601387,12.59748936,82.41999817
2020/2/20,64.63504028,68.91999817,23.32737732,12.51756954,82.76999664
2020/2/21,65.09126282,67.54000092,23.12050247,12.23784733,80.88999939
2020/2/24,63.44489288,64.93000031,22.53928757,11.84823418,78.87000275
2020/2/25,61.62990952,63.13000107,21.63298798,11.30876923,77.31999969
2020/2/26,61.53073502,63.18000031,21.16998863,10.93913651,77.97000122
2020/2/27,59.09092712,62.52000046,20.95326424,10.37969303,75.83999634
2020/2/28,58.57519531,60.93999863,20.36219788,10.86920643,75.41000366
2020/3/2,59.84468842,62.91999817,21.17983818,11.19887924,79.05999756
2020/3/3,58.71404648,60.56000137,20.50996399,10.86920643,77.80000305
2020/3/4,60.97533035,61.63000107,21.544330600000002,10.93913651,80.16000366
2020/3/5,60.00337601,59.25,20.5296669,10.06999969,78.61000061
2020/3/6,59.81493378,57.68999863,19.49530411,9.399999618999999,76.04000092
2020/3/9,57.18668747,54.50999832,19.82038879,8.210000037999999,71.08999634
2020/3/10,57.45447159,57.86999893,20.50996399,8.850000381000001,74.30999756
2020/3/11,56.0461235,57.68000031,18.77617264,8.210000037999999,71.90000153
2020/3/12,52.316989899999996,55.06000137,15.48591042,7.230000018999999,68.01999664
2020/3/13,54.53860474,56.70999908,17.19999886,7.849999905,73.83999634
2020/3/16,50.69045258,51.65000153,15.72000027,6.659999847000001,71.59999847
2020/3/17,53.64599228,54.61000061,17.37000084,7.079999924,70.37000275
2020/3/18,49.82759857,50.74000168,14.73999977,6.599999905,66.90000153
2020/3/19,48.38949966,49.81000137,14.75,6.480000018999999,66.51000214
2020/3/20,48.00270081,45.00999832,13.07999992,6.519999981000001,66.95999908
2020/3/23,46.01911926,43.18000031,12.38000011,6.110000134,63.18000031
2020/3/24,48.83580399,46.97999954,12.89999962,7.010000229,67.43000031
2020/3/25,48.94490051,50.02999878,13.80000019,7.559999942999999,69.58999634
2020/3/26,51.82109451,53.56000137,15.88000011,8.119999886,73.05000305
2020/3/27,52.35666275,50.0,15.07999992,7.6199998860000004,68.95999908
2020/3/30,53.94352722,52.09000015,14.0,7.889999866,72.16999817
2020/3/31,55.28244781,50.52000046,14.07999992,7.940000057000001,73.23000336
2020/4/1,54.36999893,48.56999969,12.97999954,7.0399999620000004,74.18000031
2020/4/2,55.20999908,48.43999863,12.56000042,6.900000095,77.06999969
2020/4/3,55.52999878,46.34999847,11.93999958,6.730000018999999,78.58999634
2020/4/6,57.86999893,47.13999939,13.56000042,7.230000018999999,85.11000061
2020/4/7,56.90000153,49.29999924,13.65999985,7.03000021,86.66000366
2020/4/8,58.25,52.36999893,14.56000042,7.3000001910000005,87.75
2020/4/9,58.90999985,52.25,14.98999977,7.139999866,86.80999756
2020/4/13,58.91999817,51.70000076,14.48999977,7.019999981000001,88.01000214
2020/4/14,60.04000092,53.54999924,14.52999973,6.929999828,91.27999878
2020/4/15,59.45999908,52.15999985,13.52000046,6.5,90.94999695
2020/4/16,59.56000137,52.58000183,13.68000031,6.239999771,95.66000366
2020/4/17,60.59999847,53.63999939,14.35999966,6.840000152999999,100.0
2020/4/20,61.68000031,53.15000153,13.72000027,6.510000229,101.19000240000001
2020/4/21,60.59000015,52.02999878,13.89000034,6.480000018999999,99.45999908
2020/4/22,60.93000031,51.70999908,13.85999966,6.429999828,100.9700012
2020/4/23,60.95000076,51.63000107,14.25,6.519999981000001,101.9000015
2020/4/24,62.25,52.38999939,14.69999981,6.260000229,103.48000340000002
2020/4/27,62.56000137,54.86000061,14.89999962,6.429999828,102.98000340000002
2020/4/28,62.13999939,55.27000046,15.81000042,6.8000001910000005,97.66999817
2020/4/29,61.63000107,56.95000076,16.78000069,6.579999924,95.95999908
2020/4/30,60.81000137,54.56000137,16.64999962,6.8000001910000005,97.66000366
2020/5/1,60.25999832,52.15000153,16.05999947,6.5,97.30000305
2020/5/4,60.16999817,52.49000168,16.5,6.2100000379999996,100.9899979
2020/5/5,61.36000061,53.70000076,15.85999966,6.1999998089999995,98.81999969
2020/5/6,61.13000107,52.68999863,15.53999996,5.980000018999999,96.08000183
2020/5/7,61.04000092,53.88999939,15.60000038,6.110000134,96.47000122
2020/5/8,61.04999924,54.02999878,16.21999931,6.2899999620000004,95.91999817
2020/5/11,62.65999985,55.47000122,16.05999947,6.190000057000001,99.33000183
2020/5/12,63.34999847,53.06000137,15.63000011,6.0,96.73999786
2020/5/13,63.27000046,51.13000107,14.71000004,5.7899999620000004,96.44999695
2020/5/14,63.77000046,52.0,15.36999989,5.6999998089999995,94.83000183
2020/5/15,64.08999634,51.75999832,15.63000011,5.489999771,96.12000275
2020/5/18,63.59999847,56.40999985,16.72999954,6.269999981000001,96.45999908
2020/5/19,62.70999908,57.04999924,16.51000023,6.2100000379999996,94.91999817
2020/5/20,61.68000031,57.77999878,16.68000031,6.420000076,98.31999969
2020/5/21,61.13999939,57.18000031,16.98999977,6.480000018999999,98.68000031
2020/5/22,60.79000092,56.70999908,16.94000053,6.409999847000001,99.37000275
2020/5/26,60.31999969,59.56999969,17.59000015,6.8000001910000005,98.68000031
2020/5/27,60.40000153,62.24000168,17.97999954,7.2899999620000004,98.22000122
2020/5/28,59.81000137,61.45000076,17.27000046,6.78000021,100.5500031
2020/5/29,59.72000122,60.72000122,17.0,6.570000172,101.9100037
2020/6/1,60.29000092,61.13000107,17.37000084,6.760000229,101.75
2020/6/2,60.65000153,63.22000122,17.15999985,7.0500001910000005,100.9000015
2020/6/3,60.20999908,63.24000168,18.06999969,7.360000134,98.83000183
2020/6/4,60.88999939,63.27999878,18.59000015,7.739999771,93.80000305
